"gene","average_expression","expression_prop"
"GALGAL-R08465",3.46988341989722e+292,0.0187994722955145
"GALGAL-R12468",4.79776452574038e+290,0.0115435356200528
"GALGAL-R12443",1.36140579093583e+241,1
"GALGAL-R01519",9.39667278852676e+234,0.142150395778364
"GALGAL-R04179",8.1487702163327e+226,1
"GALGAL-R15129",4.61805334463965e+185,0.99934036939314
"GALGAL-R14006",1.12952438865254e+168,0.987796833773087
"GALGAL-R00107",1.53558513898046e+160,0.842348284960422
"GALGAL-R13931",1.54619732365252e+158,0.479881266490765
"GALGAL-R02239",2.00920460218601e+155,0.0145118733509235
"GALGAL-R03979",5.53949194205366e+153,0.0267150395778364
"GALGAL-R08472",8.47296123889224e+151,0.618403693931398
"GALGAL-R10616",3.04287701753278e+149,0.726912928759894
"GALGAL-R16083",3.2998579338154e+136,0.99967018469657
"GALGAL-R11634",5.8403090414481e+135,0.99901055408971
"GALGAL-R14376",2.98014472164995e+130,0.402374670184697
"GALGAL-R01741",3.64047326216252e+128,0.645448548812665
"GALGAL-R05844",5.84104312853712e+127,0.00263852242744063
"GALGAL-R10967",3.59251808848914e+127,0.162269129287599
"GALGAL-R00514",6.08744460763404e+116,1
"GALGAL-R09362",7.54998847244963e+110,0.037598944591029
"GALGAL-R01973",1.11880886011245e+109,0.00197889182058048
"GALGAL-R02026",1.08922544962983e+104,0.601253298153034
"GALGAL-R08431",1.04955399186706e+103,0.0108839050131926
"GALGAL-R08773",5.10833461761202e+101,0.0649736147757256
"GALGAL-R01736",2.29794896572716e+99,0.0725593667546174
"GALGAL-R05749",1.53463340784577e+99,0.0481530343007916
"GALGAL-R14845",2.53102547844962e+94,0.463390501319261
"GALGAL-R13991",1.84410524923812e+94,0.99967018469657
"GALGAL-R11482",6.71337605040571e+92,0.161609498680739
"GALGAL-R09364",2.46911864752276e+87,1
"GALGAL-R15939",2.22180639625657e+87,0.608509234828496
"GALGAL-R06202",6.93939880976813e+86,0.0385883905013193
"GALGAL-R09369",1.08932774428975e+86,0.99967018469657
"GALGAL-R08210",6.23656115464385e+84,0.660949868073879
"GALGAL-R16931",4.4612044757108e+83,0.0468337730870712
"GALGAL-R07807",3.6349230638705e+82,0.0389182058047493
"GALGAL-R08727",3.54690753220504e+82,0.99967018469657
"GALGAL-R03787",4.72119097636143e+81,0.816952506596306
"GALGAL-R02545",2.07608045756248e+77,1
"GALGAL-R03792",4.13026903578707e+76,0.0389182058047493
"GALGAL-R16823",5.28988267372056e+75,0.108509234828496
"GALGAL-R06040",5.06092995074648e+74,1
"GALGAL-R11383",4.07039520360498e+74,1
"GALGAL-R00387",1.99085778123906e+74,0.534300791556728
"GALGAL-R03230",4.29437508238236e+73,1
"GALGAL-R00049",3.76908850337672e+72,1
"GALGAL-R14882",1.31842318244996e+72,1
"GALGAL-R06889",7.961442359147e+71,0.237796833773087
"GALGAL-R03546",3.28366239811801e+71,0.356530343007916
"GALGAL-R04222",2.16944260206885e+69,0.654683377308707
"GALGAL-R14384",4.30121029155214e+68,0.928100263852243
"GALGAL-R17578",2.63403408018141e+67,0.480540897097625
"GALGAL-R13449",1.18373983542657e+67,0.99967018469657
"GALGAL-R05108",9.95547957031002e+66,0.99967018469657
"GALGAL-R04414",4.77847302750648e+66,1
"GALGAL-R12462",4.6625944777221e+66,0.99967018469657
"GALGAL-R12044",1.09011845871357e+66,0.121372031662269
"GALGAL-R13655",2.27860917407197e+65,1
"GALGAL-R09102",9.67080975678829e+64,0.0438654353562005
"GALGAL-R12405",4.7556655390044e+63,0.0474934036939314
"GALGAL-R00155",7.35649250853103e+61,1
"GALGAL-R06692",4.59666748248792e+61,0.798482849604222
"GALGAL-R01656",2.28760678542569e+61,0.550461741424802
"GALGAL-R12323",7.45836852246809e+60,0.99934036939314
"GALGAL-R02017",8.00444276270839e+58,1
"GALGAL-R03480",5.11700107952025e+58,0.956134564643799
"GALGAL-R06687",2.91706972548653e+58,1
"GALGAL-R05450",2.62000485567246e+58,0.479551451187335
"GALGAL-R13385",2.39899342816264e+58,1
"GALGAL-R06205",2.39875638994104e+58,1
"GALGAL-R16371",1.11647279757451e+58,0.99967018469657
"GALGAL-R08816",6.63742337519161e+57,1
"GALGAL-R08348",8.75926658490325e+56,0.656332453825857
"GALGAL-R02041",8.55755808114119e+56,1
"GALGAL-R00098",4.08241859508737e+56,1
"GALGAL-R08971",2.6361158634809e+56,0.114445910290237
"GALGAL-R09595",1.70233953448235e+56,0.99967018469657
"GALGAL-R15397",1.39562187559724e+56,0.99967018469657
"GALGAL-R10256",1.29218261997136e+56,0.99967018469657
"GALGAL-R16413",6.71307944762829e+55,0.99967018469657
"GALGAL-R15756",6.32295664608047e+55,0.395448548812665
"GALGAL-R12335",4.54757066030163e+55,0.99967018469657
"GALGAL-R08193",1.22459350532794e+55,0.283641160949868
"GALGAL-R03999",2.31473612977197e+54,1
"GALGAL-R08453",6.54855894637571e+53,1
"GALGAL-R10142",6.33403398261082e+53,0.294195250659631
"GALGAL-R09516",4.1630954843556e+52,0.99934036939314
"GALGAL-R10392",3.76099809911934e+52,0.99901055408971
"GALGAL-R09958",2.17386164859197e+52,1
"GALGAL-R02743",1.16832857812703e+52,1
"GALGAL-R07360",2.99854101957514e+51,0.991754617414248
"GALGAL-R05650",2.71848866935351e+51,0.0319920844327177
"GALGAL-R04445",1.10605801268202e+51,0.99901055408971
"GALGAL-R10662",1.06829556911339e+51,0.99901055408971
"GALGAL-R08591",2.68226834011659e+50,0.295514511873351
"GALGAL-R00142",2.0330033137637e+50,1
"GALGAL-R16479",4.10993025774484e+49,0.172493403693931
"GALGAL-R13453",2.75851468331668e+49,0.551121372031662
"GALGAL-R11164",2.33109080501023e+49,1
"GALGAL-R15328",5.33726551431826e+48,1
"GALGAL-R07053",1.69547489182356e+48,1
"GALGAL-R05672",8.60502140838541e+47,0.99967018469657
"GALGAL-R03215",3.70543863866456e+47,0.99901055408971
"GALGAL-R00379",2.86838431053963e+47,0.0306728232189974
"GALGAL-R14439",1.92792421414553e+47,0.973284960422164
"GALGAL-R15079",2.69943515713202e+46,0.50032981530343
"GALGAL-R10841",1.0544965714158e+46,0.99967018469657
"GALGAL-R14098",5.69043156658442e+45,0.99934036939314
"GALGAL-R03179",5.63484681125531e+45,0.218007915567282
"GALGAL-R12030",2.30964906748873e+45,0.335751978891821
"GALGAL-R09983",2.28646443937346e+45,0.411279683377309
"GALGAL-R12486",1.33487037558244e+45,0.99967018469657
"GALGAL-R01127",5.88986955224442e+44,1
"GALGAL-R02700",5.18433114214496e+44,0.99868073878628
"GALGAL-R14557",5.00463568063602e+44,0.288588390501319
"GALGAL-R17211",2.92734487524345e+44,0.00824538258575198
"GALGAL-R09290",1.44317862103902e+44,0.762203166226913
"GALGAL-R16813",1.39379583630296e+44,0.0191292875989446
"GALGAL-R10421",1.33038049532321e+44,1
"GALGAL-R06838",1.11210019245837e+44,1
"GALGAL-R15793",8.29531706491188e+43,0.968667546174143
"GALGAL-R01097",7.53810208295197e+43,0.0504617414248021
"GALGAL-R11989",4.1162038956116e+43,0.0448548812664908
"GALGAL-R01668",2.28383075998238e+43,0.261873350923483
"GALGAL-R11147",1.00375225924076e+43,0.346635883905013
"GALGAL-R12673",3.32206429574191e+42,0.448218997361478
"GALGAL-R00997",1.05333295403008e+42,0.99934036939314
"GALGAL-R07065",7.18699027703645e+41,0.0372691292875989
"GALGAL-R10132",6.43104689557293e+41,0.1655672823219
"GALGAL-R15924",6.09559790391283e+41,0.919195250659631
"GALGAL-R15133",5.33208658689805e+41,0.0316622691292876
"GALGAL-R16883",2.78795764963298e+41,0.0633245382585752
"GALGAL-R11042",1.68233983754347e+41,0.112796833773087
"GALGAL-R08732",1.44346738397906e+41,0.112467018469657
"GALGAL-R01865",1.01632602995589e+41,0.99967018469657
"GALGAL-R16945",7.98149349783966e+40,0.99934036939314
"GALGAL-R05140",6.09926410147608e+40,1
"GALGAL-R15254",2.2094308289961e+40,0.99967018469657
"GALGAL-R02783",1.64452033150643e+40,1
"GALGAL-R13380",9.42010693369848e+39,0.0722295514511873
"GALGAL-R05863",1.81600754585371e+39,0.605540897097625
"GALGAL-R07880",1.68658811523707e+39,0.00197889182058048
"GALGAL-R07712",8.38942485428574e+38,0.99967018469657
"GALGAL-R16626",4.46543426015511e+38,0.113786279683377
"GALGAL-R16013",4.42182447422376e+38,0.115765171503958
"GALGAL-R16742",2.20203071054158e+38,0.0771767810026385
"GALGAL-R05899",1.9968929092648e+38,0.659960422163588
"GALGAL-R12981",1.96247784876257e+38,0.24901055408971
"GALGAL-R04136",1.66808678526523e+38,0.0992744063324538
"GALGAL-R16824",1.60400285942508e+38,0.0286939313984169
"GALGAL-R05134",1.46852667040103e+38,0.0122031662269129
"GALGAL-R07633",1.14908203533439e+38,0.025065963060686
"GALGAL-R00770",5.28057057015149e+37,0.00131926121372032
"GALGAL-R12489",5.22756839601296e+37,0.983839050131926
"GALGAL-R09291",2.9952553223083e+37,0.971306068601583
"GALGAL-R08914",1.35470441790434e+37,0.103562005277045
"GALGAL-R09125",1.2186432145882e+37,0.99901055408971
"GALGAL-R05936",1.01960776717238e+37,0.154023746701847
"GALGAL-R07066",5.46378688513027e+36,0.0356200527704486
"GALGAL-R13226",3.93648289692427e+36,0.99868073878628
"GALGAL-R16877",2.44670038969362e+36,0.99967018469657
"GALGAL-R01957",2.07091116718517e+36,0.497361477572559
"GALGAL-R08206",1.66611299231236e+36,0.138522427440633
"GALGAL-R13164",1.50398175140986e+36,0.99967018469657
"GALGAL-R04471",1.39212982636109e+36,0.229221635883905
"GALGAL-R11558",1.16412104594869e+36,0.99967018469657
"GALGAL-R12073",8.7529188092168e+35,0.99802110817942
"GALGAL-R06612",5.10304294321357e+35,0.99901055408971
"GALGAL-R07575",3.90030604684795e+35,0.903364116094987
"GALGAL-R15308",3.65389310433128e+35,0.571569920844327
"GALGAL-R17569",3.09303353574727e+35,0.963390501319261
"GALGAL-R05884",1.03721207830949e+35,0.0451846965699208
"GALGAL-R03742",8.48093546043844e+34,0.965699208443272
"GALGAL-R10183",7.07369094690199e+34,0.622031662269129
"GALGAL-R09043",3.41819091302306e+34,0.976912928759894
"GALGAL-R16227",2.58194594136658e+34,0.551781002638522
"GALGAL-R14659",1.14453676608536e+34,0.992084432717678
"GALGAL-R08911",1.05604428411521e+34,0.391160949868074
"GALGAL-R01402",6.46673082611069e+33,0.91853562005277
"GALGAL-R10077",4.21948132909119e+33,0.101583113456464
"GALGAL-R14865",4.04371255901963e+33,0.211081794195251
"GALGAL-R07281",2.96938307991047e+33,0.647427440633245
"GALGAL-R05033",8.57190437236505e+32,0.178100263852243
"GALGAL-R06049",2.85805162626717e+32,0.276055408970976
"GALGAL-R10782",2.38070572987626e+32,0.0148416886543536
"GALGAL-R14328",8.63896193058531e+31,0.0794854881266491
"GALGAL-R13016",2.25502945983192e+31,0.99967018469657
"GALGAL-R10602",2.06280363560181e+31,0.977242744063325
"GALGAL-R09536",1.99267277919695e+31,0.679749340369393
"GALGAL-R14004",5.73332835410463e+30,0.318931398416887
"GALGAL-R07713",5.49036759113679e+30,0.817612137203166
"GALGAL-R04298",5.30940814825361e+30,0.218337730870712
"GALGAL-R07064",2.06407840844705e+30,0.120052770448549
"GALGAL-R16556",1.93124664854587e+30,0.025065963060686
"GALGAL-R08909",1.6912474058327e+30,0.924802110817942
"GALGAL-R12897",1.59901510976905e+30,0.299472295514512
"GALGAL-R15083",1.04931103820611e+30,0.99934036939314
"GALGAL-R07623",8.53719395502434e+29,0.800461741424802
"GALGAL-R15252",4.88960124217499e+29,0.800461741424802
"GALGAL-R14531",2.17561155887744e+29,0.00989445910290238
"GALGAL-R14512",1.55217273806858e+29,0.827176781002638
"GALGAL-R16298",1.32105813940755e+29,0.369063324538259
"GALGAL-R15926",1.25875088702535e+29,0.230211081794195
"GALGAL-R06974",1.04537678708281e+29,0.995052770448549
"GALGAL-R01691",1.03081691488549e+29,0.235488126649077
"GALGAL-R12070",2.82936248529961e+28,0.961081794195251
"GALGAL-R16491",2.25490734362118e+28,0.495712401055409
"GALGAL-R07148",1.95466531001248e+28,0.0824538258575198
"GALGAL-R14890",1.61792975425042e+28,0.121372031662269
"GALGAL-R02027",1.60851177523582e+28,0.20910290237467
"GALGAL-R10080",1.31478113099152e+28,0.203825857519789
"GALGAL-R13363",8.62183617547216e+27,0.41655672823219
"GALGAL-R08733",7.26322030743527e+27,0.0220976253298153
"GALGAL-R01303",5.0425705520358e+27,0.0263852242744063
"GALGAL-R10131",4.5713719522028e+27,0.965699208443272
"GALGAL-R13744",3.50290032988632e+27,0.943271767810026
"GALGAL-R14970",1.86521322176248e+27,0.164248021108179
"GALGAL-R09065",1.46140674722698e+27,0.579815303430079
"GALGAL-R01166",1.34049180709021e+27,0.0016490765171504
"GALGAL-R11553",1.13387944968352e+27,0.0491424802110818
"GALGAL-R13563",8.70693004144235e+26,0.0247361477572559
"GALGAL-R06363",6.52173304992467e+26,0.657981530343008
"GALGAL-R16647",5.19000982390069e+26,0.83344327176781
"GALGAL-R03657",4.35585321171661e+26,0.601583113456464
"GALGAL-R06802",4.33528381509353e+26,0.99901055408971
"GALGAL-R06790",4.15522870550766e+26,0.99802110817942
"GALGAL-R12371",3.43651139855911e+26,0.853891820580475
"GALGAL-R03327",2.94859782517204e+26,0.270778364116095
"GALGAL-R08811",2.68971070198526e+26,0.0336411609498681
"GALGAL-R07363",2.39227020994964e+26,0.809036939313984
"GALGAL-R11895",1.85506805410376e+26,0.87598944591029
"GALGAL-R12287",1.61369392150937e+26,0.0484828496042216
"GALGAL-R00370",1.31718679740895e+26,0.0949868073878628
"GALGAL-R01416",6.97950195051679e+25,0.133575197889182
"GALGAL-R15991",6.46023418070968e+25,0.801121372031662
"GALGAL-R02034",5.99479458647374e+25,0.0890501319261214
"GALGAL-R16683",5.0157879806812e+25,0.074868073878628
"GALGAL-R14988",4.78685321478494e+25,0.173482849604222
"GALGAL-R03989",3.92336713864401e+25,0.145118733509235
"GALGAL-R08270",3.68481567658937e+25,0.327836411609499
"GALGAL-R13466",3.58258125868265e+25,0.224934036939314
"GALGAL-R13359",3.40657903141594e+25,0.0481530343007916
"GALGAL-R08631",2.12139249866045e+25,0.588720316622691
"GALGAL-R00646",1.60676486638287e+25,0.0953166226912929
"GALGAL-R01000",1.45232946909979e+25,0.442612137203166
"GALGAL-R06369",1.21285664634809e+25,0.257915567282322
"GALGAL-R10538",1.07594298984662e+25,0.723284960422164
"GALGAL-R08776",8.94259602894553e+24,0.204815303430079
"GALGAL-R12362",6.83316403171821e+24,0.152044854881266
"GALGAL-R08757",5.58332197747108e+24,0.480211081794195
"GALGAL-R08217",5.23855112213812e+24,0.913258575197889
"GALGAL-R05489",4.55304589321264e+24,0.0145118733509235
"GALGAL-R04279",3.93447466596753e+24,0.451517150395778
"GALGAL-R10417",2.8321617775097e+24,0.329155672823219
"GALGAL-R00440",1.04388347923706e+24,0.379617414248021
"GALGAL-R09927",7.573918657702e+23,0.050131926121372
"GALGAL-R03569",7.12282944872869e+23,0.366094986807388
"GALGAL-R14786",4.06983939607567e+23,0.388192612137203
"GALGAL-R11084",3.06153648871709e+23,0.0379287598944591
"GALGAL-R02181",2.78029073508234e+23,0.554749340369393
"GALGAL-R09968",2.53906348116346e+23,0.95910290237467
"GALGAL-R10632",2.43914872096143e+23,0.764511873350924
"GALGAL-R04037",1.96722718337385e+23,0.0629947229551451
"GALGAL-R07050",1.59599531257165e+23,0.91523746701847
"GALGAL-R10102",1.21731663609844e+23,0.928100263852243
"GALGAL-R08141",1.18169135311594e+23,0.0468337730870712
"GALGAL-R10095",8.45625723315919e+22,0.0801451187335092
"GALGAL-R13546",5.24867280227298e+22,0.0131926121372032
"GALGAL-R07819",5.08744489531502e+22,0.0343007915567282
"GALGAL-R12262",4.87253302932469e+22,0.158311345646438
"GALGAL-R06693",4.45765093926661e+22,0.283311345646438
"GALGAL-R15287",3.06500628679923e+22,0.669195250659631
"GALGAL-R12396",2.95310975714734e+22,0.648087071240106
"GALGAL-R02390",2.89640703270567e+22,0.0517810026385224
"GALGAL-R12252",2.41121053961704e+22,0.0636543535620053
"GALGAL-R13469",2.18386525861736e+22,0.980211081794195
"GALGAL-R12663",1.14334207375039e+22,0.838720316622691
"GALGAL-R15480",8.9000909327778e+21,0.968337730870712
"GALGAL-R01580",8.81755541858109e+21,0.294195250659631
"GALGAL-R09246",8.26556442732664e+21,0.971965699208443
"GALGAL-R14827",7.75783819298572e+21,0.20877308707124
"GALGAL-R10515",6.67938564896153e+21,0.259894459102902
"GALGAL-R06238",4.62071619253206e+21,0.955145118733509
"GALGAL-R15711",4.58437772423999e+21,0.179749340369393
"GALGAL-R14674",4.10643736485292e+21,0.235158311345646
"GALGAL-R10537",3.58511742102097e+21,0.432387862796834
"GALGAL-R03887",3.08811013309047e+21,0.0405672823218997
"GALGAL-R12337",2.59720004704436e+21,0.0531002638522427
"GALGAL-R02129",2.24186981256929e+21,0.116754617414248
"GALGAL-R13370",2.13348215025763e+21,0.101253298153034
"GALGAL-R12492",2.08259285140027e+21,0.921503957783641
"GALGAL-R04466",1.57316311671642e+21,0.361147757255937
"GALGAL-R14077",1.46090394837488e+21,0.117084432717678
"GALGAL-R12828",1.37455566330183e+21,0.994063324538259
"GALGAL-R00597",8.9362034535499e+20,0.216688654353562
"GALGAL-R11953",6.13857892848291e+20,0.0128627968337731
"GALGAL-R07351",4.57767343353005e+20,0.336741424802111
"GALGAL-R07208",4.4774997882949e+20,0.546174142480211
"GALGAL-R08763",3.02893482038208e+20,0.198878627968338
"GALGAL-R12713",2.9707610997055e+20,0.196569920844327
"GALGAL-R14337",1.67610597637012e+20,0.41523746701847
"GALGAL-R17576",1.65138107946105e+20,0.219327176781003
"GALGAL-R01526",1.56578227569527e+20,0.66655672823219
"GALGAL-R10691",1.23123143228492e+20,0.262532981530343
"GALGAL-R06699",1.20714455842499e+20,0.484828496042216
"GALGAL-R03817",1.12254994961565e+20,0.586411609498681
"GALGAL-R12066",1.05174100667439e+20,0.967678100263852
"GALGAL-R14031",8.1162611938164e+19,0.284960422163588
"GALGAL-R05758",67582957982570160128,0.739445910290237
"GALGAL-R05403",67582957982337245184,0.113456464379947
"GALGAL-R01588",39413752468029513728,0.949538258575198
"GALGAL-R11966",38650375037848543232,0.939643799472295
"GALGAL-R08175",36406286702559227904,0.573218997361478
"GALGAL-R01845",35516954821328359424,0.0303430079155673
"GALGAL-R11234",34090194740968103936,0.393469656992084
"GALGAL-R01383",34029531203843833856,0.660290237467018
"GALGAL-R04438",31946119322792620032,0.29122691292876
"GALGAL-R15250",28201893143030525952,0.964709762532982
"GALGAL-R07681",21463706957184155648,0.183377308707124
"GALGAL-R02805",19250059830474227712,0.0079155672823219
"GALGAL-R06548",19203945818625110016,0.253627968337731
"GALGAL-R16594",18124715455898734592,0.226912928759894
"GALGAL-R16264",18050391326298300416,0.821899736147757
"GALGAL-R01003",9738339696714819584,0.867084432717678
"GALGAL-R03907",8772330051528086528,0.0775065963060686
"GALGAL-R08333",8027573732450119680,0.0366094986807388
"GALGAL-R06526",6970908450668945408,0.992084432717678
"GALGAL-R06098",3769271604309138944,0.990765171503958
"GALGAL-R13993",3568544299417229312,0.0115435356200528
"GALGAL-R13348",2874247689328626688,0.62598944591029
"GALGAL-R04177",2784493239212763648,0.310686015831135
"GALGAL-R00599",2312435838569472512,0.00923482849604222
"GALGAL-R04142",1939515952409232640,0.00329815303430079
"GALGAL-R16641",1786616641673652480,0.240435356200528
"GALGAL-R16749",1709997161625137408,0.66589709762533
"GALGAL-R05620",1229246275575522816,0.903034300791557
"GALGAL-R15212",1131187523790308864,0.00923482849604222
"GALGAL-R10536",860388797745108096,0.138522427440633
"GALGAL-R00306",750352340209656192,0.0316622691292876
"GALGAL-R03663",661102332115981312,0.529023746701847
"GALGAL-R09548",594012191164411520,0.0115435356200528
"GALGAL-R12623",516965784515888576,0.843007915567282
"GALGAL-R09526",511135272684171712,0.0260554089709763
"GALGAL-R00255",408524490767436160,0.283311345646438
"GALGAL-R09485",386218322902101952,0.96009234828496
"GALGAL-R12225",385435142221945024,0.0283641160949868
"GALGAL-R13020",360377622372996352,0.0224274406332454
"GALGAL-R07345",322716454721615424,0.343337730870712
"GALGAL-R02408",267698954565458272,0.812005277044855
"GALGAL-R12288",248083881515445024,0.854221635883905
"GALGAL-R14269",219116699378201408,0.994393139841689
"GALGAL-R11783",210280840085665024,0.601912928759894
"GALGAL-R01954",205816454355192224,0.272427440633245
"GALGAL-R15932",130119069078366320,0.345316622691293
"GALGAL-R03260",121441319863320480,0.452836411609499
"GALGAL-R15479",98517089515366848,0.0062664907651715
"GALGAL-R13357",93324140917464544,0.680079155672823
"GALGAL-R07748",90297069259967440,0.37664907651715
"GALGAL-R01488",86151621243747920,0.160290237467018
"GALGAL-R10794",85858976161259632,0.016820580474934
"GALGAL-R08180",81566079905993056,0.771437994722955
"GALGAL-R10806",79591721449907120,0.37434036939314
"GALGAL-R09608",71737100206723224,0.0336411609498681
"GALGAL-R14671",50289055365600536,0.448218997361478
"GALGAL-R06547",49494602423447712,0.402704485488127
"GALGAL-R01123",38613965014132816,0.890501319261214
"GALGAL-R01173",31626989485681764,0.825857519788918
"GALGAL-R16831",25189841608393340,0.536609498680739
"GALGAL-R15728",24602808596136864,0.452176781002639
"GALGAL-R15978",23993881995482064,0.961081794195251
"GALGAL-R07772",23880158254053944,0.300131926121372
"GALGAL-R15693",23783283051474248,0.0478232189973615
"GALGAL-R12372",23442476858973692,0.345316622691293
"GALGAL-R08968",23441620296582276,0.0738786279683377
"GALGAL-R02577",23130867277285140,0.537928759894459
"GALGAL-R08278",22700733511975372,0.330145118733509
"GALGAL-R10535",22050638279610792,0.0399076517150396
"GALGAL-R10291",21427686066633980,0.104221635883905
"GALGAL-R08612",20620661202710836,0.118733509234828
"GALGAL-R11162",19760645437868052,0.548153034300792
"GALGAL-R08405",18467556097094792,0.0521108179419525
"GALGAL-R04937",15755870452796984,0.0359498680738786
"GALGAL-R03635",15692271068418762,0.773416886543536
"GALGAL-R01664",15097919819168942,0.0412269129287599
"GALGAL-R01531",14381830544372214,0.754287598944591
"GALGAL-R00903",13186811273383600,0.173482849604222
"GALGAL-R00867",12322973043818072,0.886213720316623
"GALGAL-R01942",12213447549635490,0.0108839050131926
"GALGAL-R06095",10271818111869022,0.797823218997362
"GALGAL-R02442",10016583594596718,0.142810026385224
"GALGAL-R03778",8809724747753470,0.0676121372031662
"GALGAL-R15052",7628648321548539,0.478232189973615
"GALGAL-R05535",5935727724584809,0.973614775725594
"GALGAL-R04431",5768186141745475,0.0629947229551451
"GALGAL-R08920",5037260596956777,0.357519788918206
"GALGAL-R15988",4830133245589393,0.515171503957784
"GALGAL-R02012",4830125802411154,0.306398416886544
"GALGAL-R12403",4830125801699302,0.0560686015831135
"GALGAL-R01850",4316379780604928,0.529353562005277
"GALGAL-R06302",3858267233047470,0.0412269129287599
"GALGAL-R10226",3554967825010224,0.0336411609498681
"GALGAL-R16322",2744096893675922,0.892810026385224
"GALGAL-R07294",2557915755575758,0.0949868073878628
"GALGAL-R10187",2515588497609853,0.0653034300791557
"GALGAL-R05805",2506837495462343,0.854551451187335
"GALGAL-R03210",2335407635437626,0.263192612137203
"GALGAL-R00081",2098697594202625,0.965369393139842
"GALGAL-R02959",1988728124281570,0.0263852242744063
"GALGAL-R01830",1868983010278270,0.20745382585752
"GALGAL-R12246",1756252465841099,0.0108839050131926
"GALGAL-R09472",1729312024977050,0.178100263852243
"GALGAL-R12373",1627156530133371,0.851583113456464
"GALGAL-R11883",1521856793335780,0.574208443271768
"GALGAL-R14332",1470699408013330,0.172823218997361
"GALGAL-R00958",1311010764980382,0.244393139841689
"GALGAL-R12467",1268045510914278,0.00230870712401055
"GALGAL-R06371",1111000542657607,0.441622691292876
"GALGAL-R02222",1102714164846158,0.305079155672823
"GALGAL-R09947",1009819850504089,0.604221635883905
"GALGAL-R12861",875866023005131,0.444591029023747
"GALGAL-R03890",785751580153584,0.466688654353562
"GALGAL-R16095",745543998428839,0.343337730870712
"GALGAL-R05070",725789138237541,0.125
"GALGAL-R15475",725307317166335,0.0369393139841689
"GALGAL-R08792",638763114744396,0.238456464379947
"GALGAL-R15676",576054087013690,0.202506596306069
"GALGAL-R12433",550419397600919,0.304089709762533
"GALGAL-R07715",531055574366682,0.280343007915567
"GALGAL-R11454",442857861183083,0.0356200527704486
"GALGAL-R06440",422164219965929,0.0537598944591029
"GALGAL-R14076",403959368502796,0.225923482849604
"GALGAL-R10459",377698800640650,0.0689313984168865
"GALGAL-R05306",370882498304233,0.935356200527705
"GALGAL-R08823",369076497746139,0.638852242744063
"GALGAL-R11525",277972929439769,0.970316622691293
"GALGAL-R08115",245737655029403,0.058377308707124
"GALGAL-R03218",231857579269566,0.197229551451187
"GALGAL-R01009",227295456949818,0.412928759894459
"GALGAL-R12255",222868650011159,0.914248021108179
"GALGAL-R04275",218408523458040,0.684366754617414
"GALGAL-R01537",207599971200171,0.401055408970976
"GALGAL-R09929",200395885562652,0.679419525065963
"GALGAL-R00719",189463130930426,0.0187994722955145
"GALGAL-R11408",181288176995889,0.687335092348285
"GALGAL-R00902",180569378890422,0.463720316622691
"GALGAL-R15748",175635487405627,0.227572559366755
"GALGAL-R05772",168815422154811,0.802110817941952
"GALGAL-R07067",162822586429696,0.0478232189973615
"GALGAL-R09940",156588682876958,0.169854881266491
"GALGAL-R02803",156483246255713,0.184366754617414
"GALGAL-R10739",151692826329293,0.112467018469657
"GALGAL-R12733",134102938570572,0.24934036939314
"GALGAL-R16616",128249153357068,0.733179419525066
"GALGAL-R09194",115821419365383,0.264841688654354
"GALGAL-R08595",93652466483329.2,0.722955145118733
"GALGAL-R12761",85103256709464.7,0.283970976253298
"GALGAL-R04674",85084418775857,0.507585751978892
"GALGAL-R05541",67375812319593.5,0.187664907651715
"GALGAL-R02268",65155233576214.1,0.212071240105541
"GALGAL-R04086",60822840170746.1,0.0329815303430079
"GALGAL-R15773",58531613248220.8,0.218337730870712
"GALGAL-R00754",53072159424244,0.0141820580474934
"GALGAL-R00557",48312830626923.6,0.113456464379947
"GALGAL-R11228",46960604734585.8,0.0867414248021108
"GALGAL-R09951",45648200200879.2,0.0329815303430079
"GALGAL-R00147",44012890477820.3,0.231530343007916
"GALGAL-R14556",43046980572020.6,0.869722955145119
"GALGAL-R00226",38110803417056.8,0.253957783641161
"GALGAL-R01692",34888892158520.7,0.312005277044855
"GALGAL-R15766",30401781682000.7,0.095976253298153
"GALGAL-R11002",29545444482805.9,0.0488126649076517
"GALGAL-R04156",29428731619060.3,0.530343007915567
"GALGAL-R05032",28754847943948.4,0.592348284960422
"GALGAL-R07287",28172810516169.2,0.350263852242744
"GALGAL-R13354",27560307377732.7,0.247691292875989
"GALGAL-R16360",27468505625279.7,0.33509234828496
"GALGAL-R16746",25914628130766.5,0.966029023746702
"GALGAL-R01826",25744649361923.3,0.527704485488127
"GALGAL-R15445",24240320602559.4,0.464379947229551
"GALGAL-R09541",23284227954040.6,0.0461741424802111
"GALGAL-R10751",20701475107396.6,0.41589709762533
"GALGAL-R10801",19645219318106,0.319920844327177
"GALGAL-R12297",19628462580912.2,0.339050131926121
"GALGAL-R14619",18928650692924.3,0.557058047493404
"GALGAL-R15915",18621452107338.7,0.95811345646438
"GALGAL-R11369",17848942853740.8,0.192941952506596
"GALGAL-R07391",17695489578484,0.54254617414248
"GALGAL-R16741",14385227486523.4,0.0771767810026385
"GALGAL-R11522",14123459820766.3,0.598944591029024
"GALGAL-R12345",13168314182184.1,0.217678100263852
"GALGAL-R14587",12306263315075.1,0.949208443271768
"GALGAL-R09916",11875415733034.8,0.103232189973615
"GALGAL-R03581",11515765770923.4,0.976912928759894
"GALGAL-R17284",11100880276320.1,0.921174142480211
"GALGAL-R13998",10080302976683.9,0.327836411609499
"GALGAL-R00307",9454832138629.47,0.159630606860158
"GALGAL-R06527",9338110124960.11,0.861477572559367
"GALGAL-R16631",6860690574929.43,0.0900395778364116
"GALGAL-R08274",6855023605569.68,0.307058047493404
"GALGAL-R09298",6831820573810.89,0.183377308707124
"GALGAL-R01396",6700314892259.37,0.187335092348285
"GALGAL-R04163",6134710954138.18,0.264841688654354
"GALGAL-R16467",5825522100525.33,0.753957783641161
"GALGAL-R08877",5735384153669.78,0.700197889182058
"GALGAL-R15452",5185942363354.71,0.687335092348285
"GALGAL-R03500",5152027370132.36,0.0451846965699208
"GALGAL-R10627",5118321908657.65,0.0656332453825857
"GALGAL-R14743",4161109605855.43,0.484828496042216
"GALGAL-R02200",4135244444103.17,0.180738786279683
"GALGAL-R05666",3655280245524.88,0.890501319261214
"GALGAL-R00912",3289867821643.04,0.406992084432718
"GALGAL-R01976",3164783345836.7,0.360817941952507
"GALGAL-R10524",3127595878784.77,0.46042216358839
"GALGAL-R12339",3049866576519.27,0.913918205804749
"GALGAL-R13267",2562919918716.99,0.812994722955145
"GALGAL-R10721",2539052062568.24,0.174472295514512
"GALGAL-R10907",2517282219867.17,0.766490765171504
"GALGAL-R02955",2441898349388.99,0.853891820580475
"GALGAL-R14795",2225496488526.14,0.138852242744063
"GALGAL-R15801",1854927878349.81,0.168865435356201
"GALGAL-R12485",1808372144783.67,0.831134564643799
"GALGAL-R07235",1706978914815.18,0.0240765171503958
"GALGAL-R02403",1697711439277.92,0.0237467018469657
"GALGAL-R02971",1672834984695.5,0.16688654353562
"GALGAL-R05457",1614541883596.08,0.29188654353562
"GALGAL-R01147",1488837808663.39,0.570910290237467
"GALGAL-R11040",1474084642395.69,0.215699208443272
"GALGAL-R12341",1453881602883.89,0.545184696569921
"GALGAL-R05971",1451207046383.74,0.337730870712401
"GALGAL-R13407",1243175367904.85,0.117744063324538
"GALGAL-R15419",1192953807036.45,0.75197889182058
"GALGAL-R05679",1192382517529.89,0.198218997361478
"GALGAL-R10201",1158891909291.45,0.654353562005277
"GALGAL-R14847",1139219284963.51,0.0517810026385224
"GALGAL-R08942",1128469065736.65,0.0547493403693931
"GALGAL-R07257",1115223570605.88,0.62565963060686
"GALGAL-R04589",1002149015885.4,0.814643799472295
"GALGAL-R03722",877192067279.581,0.470976253298153
"GALGAL-R03665",845694294749.836,0.257255936675462
"GALGAL-R05357",829461428505.196,0.173812664907652
"GALGAL-R03918",779087667167.201,0.294525065963061
"GALGAL-R09174",775755164397.526,0.129947229551451
"GALGAL-R05849",724233462143.498,0.615435356200528
"GALGAL-R03634",709285408529.531,0.367414248021108
"GALGAL-R01969",614926442369.546,0.253298153034301
"GALGAL-R12900",614925093561.175,0.300131926121372
"GALGAL-R07600",614925079723.079,0.045844327176781
"GALGAL-R03725",614925079721.828,0.0158311345646438
"GALGAL-R10488",599682339772.36,0.099934036939314
"GALGAL-R16554",581119369302.18,0.0850923482849604
"GALGAL-R01965",563246760306.376,0.779353562005277
"GALGAL-R01353",559458129817.617,0.0379287598944591
"GALGAL-R16166",501208136531.27,0.776715039577836
"GALGAL-R03150",499536560053.19,0.00758575197889182
"GALGAL-R04665",437359282216.26,0.87532981530343
"GALGAL-R16350",424541135293.663,0.104221635883905
"GALGAL-R03329",411729327917.521,0.536279683377309
"GALGAL-R09068",396223847547.705,0.0821240105540897
"GALGAL-R00466",381968248670.548,0.243073878627968
"GALGAL-R04557",368642347765.906,0.661939313984169
"GALGAL-R02325",341257549743.751,0.536279683377309
"GALGAL-R15450",341182987988.201,0.798153034300792
"GALGAL-R00601",338171747762.215,0.435026385224274
"GALGAL-R02327",326006668809.415,0.590039577836412
"GALGAL-R10908",322924918908.31,0.753298153034301
"GALGAL-R07303",308495981513.476,0.24802110817942
"GALGAL-R08870",293887524972.029,0.193271767810026
"GALGAL-R06085",285589310698.451,0.886213720316623
"GALGAL-R12016",280774869293.964,0.744393139841689
"GALGAL-R00425",277028357802.011,0.49835092348285
"GALGAL-R08176",277001749119.48,0.263522427440633
"GALGAL-R04109",277000021777.636,0.105540897097625
"GALGAL-R10644",277000021749.413,0.0372691292875989
"GALGAL-R03891",273252989189.32,0.0798153034300792
"GALGAL-R16636",259024741364.512,0.803100263852243
"GALGAL-R05298",252759252937.133,0.554419525065963
"GALGAL-R15760",247607697567.624,0.312994722955145
"GALGAL-R02014",242897077091,0.149076517150396
"GALGAL-R12318",225334378457.462,0.713060686015831
"GALGAL-R00722",204559126472.99,0.28957783641161
"GALGAL-R02069",198659830363.811,0.659630606860158
"GALGAL-R08892",189514083387.744,0.300131926121372
"GALGAL-R08070",188423130660.553,0.156992084432718
"GALGAL-R04455",185612356789.044,0.826517150395778
"GALGAL-R12503",175260399715.165,0.0662928759894459
"GALGAL-R05468",171349378476.126,0.286939313984169
"GALGAL-R01005",164330741132.109,0.648416886543536
"GALGAL-R06524",162691148627.081,0.0131926121372032
"GALGAL-R14339",161635984254.012,0.162928759894459
"GALGAL-R12221",160206253717.407,0.37697889182058
"GALGAL-R14257",158706220067.735,0.0118733509234828
"GALGAL-R08043",150050403755.333,0.546833773087071
"GALGAL-R14648",144142277714.99,0.397097625329815
"GALGAL-R11278",143990168775.89,0.559036939313984
"GALGAL-R07711",139838597138.754,0.938984168865435
"GALGAL-R12886",138708488868.856,0.777374670184697
"GALGAL-R10049",136404568711.858,0.0257255936675462
"GALGAL-R07153",125714530311.268,0.33476253298153
"GALGAL-R14111",125688080304.867,0.235817941952507
"GALGAL-R11240",120789468971.681,0.397097625329815
"GALGAL-R05371",120533072276.736,0.508575197889182
"GALGAL-R09097",117755744529.978,0.16589709762533
"GALGAL-R09972",116062349551.688,0.242414248021108
"GALGAL-R08891",112951504411.952,0.0877308707124011
"GALGAL-R07139",111129094271.028,0.0145118733509235
"GALGAL-R00204",106709784986.513,0.647757255936675
"GALGAL-R08349",103513147940.635,0.308707124010554
"GALGAL-R02613",101702812587.703,0.776385224274406
"GALGAL-R14382",97479673445.8388,0.218007915567282
"GALGAL-R10819",97437138314.7968,0.0867414248021108
"GALGAL-R14403",97141632162.0574,0.627968337730871
"GALGAL-R10712",88451847782.6812,0.0465039577836412
"GALGAL-R03974",87642951264.4608,0.0478232189973615
"GALGAL-R16233",84475597464.6648,0.316622691292876
"GALGAL-R05606",83341130995.4766,0.441292875989446
"GALGAL-R13493",79958187796.2924,0.137862796833773
"GALGAL-R00496",78687788489.6001,0.049802110817942
"GALGAL-R06317",78013480020.8608,0.727572559366755
"GALGAL-R15374",77274432042.7687,0.774076517150396
"GALGAL-R06061",73251032998.9881,0.769129287598945
"GALGAL-R11954",70394016620.6154,0.227242744063325
"GALGAL-R14634",67630512156.0778,0.718007915567282
"GALGAL-R03840",61474700445.3952,0.162269129287599
"GALGAL-R11216",61430220927.5466,0.869393139841689
"GALGAL-R04140",58349801026.7143,0.0253957783641161
"GALGAL-R16066",51394945322.2159,0.397097625329815
"GALGAL-R08925",48527614655.825,0.0847625329815303
"GALGAL-R01786",47738138776.4357,0.569261213720317
"GALGAL-R00524",47574931584.1582,0.0527704485488127
"GALGAL-R13347",44121685042.6377,0.907321899736148
"GALGAL-R13396",42426901739.0072,0.201187335092348
"GALGAL-R07211",41281759485.396,0.288918205804749
"GALGAL-R03726",40447075545.8714,0.276055408970976
"GALGAL-R16843",40236539933.8063,0.804749340369393
"GALGAL-R11973",37690887199.44,0.298812664907652
"GALGAL-R08713",36769471712.4923,0.0224274406332454
"GALGAL-R15777",36560799247.6554,0.517810026385224
"GALGAL-R15348",36326068353.28,0.770118733509235
"GALGAL-R10496",35222402553.1925,0.577176781002638
"GALGAL-R12001",34961404556.0354,0.0596965699208443
"GALGAL-R11406",32908159199.602,0.906002638522427
"GALGAL-R07859",32647337660.5076,0.182387862796834
"GALGAL-R08820",32532021618.9408,0.659300791556728
"GALGAL-R08904",32356738355.9131,0.812335092348285
"GALGAL-R11049",32335171583.1766,0.176451187335092
"GALGAL-R12461",32004477362.3846,0.0735488126649076
"GALGAL-R01613",32004473522.8974,0.29122691292876
"GALGAL-R11150",27198396238.5311,0.344327176781003
"GALGAL-R10778",26038430063.1908,0.701517150395778
"GALGAL-R10307",25688549089.9733,0.0461741424802111
"GALGAL-R07290",25485932757.9074,0.620052770448549
"GALGAL-R03551",24387625282.7871,0.288258575197889
"GALGAL-R15800",22655873369.1013,0.105211081794195
"GALGAL-R13577",21928378088.5106,0.25164907651715
"GALGAL-R08407",21194553130.2992,0.110488126649077
"GALGAL-R12220",20937112823.7048,0.406002638522427
"GALGAL-R16396",20613967896.801,0.766490765171504
"GALGAL-R08983",20497528160.346,0.893139841688654
"GALGAL-R09455",19700167689.3325,0.693601583113456
"GALGAL-R05526",19629609068.6052,0.591029023746702
"GALGAL-R14080",19501049842.1988,0.317282321899736
"GALGAL-R05060",18470378715.758,0.146767810026385
"GALGAL-R01522",18273571106.6717,0.310026385224274
"GALGAL-R03403",18271199793.3166,0.12565963060686
"GALGAL-R16456",16773228845.6695,0.246042216358839
"GALGAL-R05339",16364757349.399,0.134234828496042
"GALGAL-R14969",15403952273.6396,0.529353562005277
"GALGAL-R08850",15341141871.125,0.860817941952507
"GALGAL-R04560",15104599136.103,0.786279683377309
"GALGAL-R01732",14811945691.4625,0.201187335092348
"GALGAL-R12633",14530846456.6616,0.761213720316623
"GALGAL-R08742",14526034368.0174,0.436015831134565
"GALGAL-R10468",14410049659.1094,0.843007915567282
"GALGAL-R14254",13432492797.5686,0.698218997361478
"GALGAL-R03209",12099645598.3077,0.20910290237467
"GALGAL-R06658",11160979765.4138,0.0247361477572559
"GALGAL-R11424",11102812691.66,0.777374670184697
"GALGAL-R00423",10893610599.9129,0.0481530343007916
"GALGAL-R10104",10486675625.9473,0.12434036939314
"GALGAL-R14496",10165640895.1125,0.741424802110818
"GALGAL-R01104",9985866385.40328,0.362137203166227
"GALGAL-R07001",9583111211.66562,0.949868073878628
"GALGAL-R07356",9298863843.93951,0.471965699208443
"GALGAL-R04211",9286278709.36707,0.558707124010554
"GALGAL-R08354",9153582313.34776,0.184366754617414
"GALGAL-R07226",8695232198.67471,0.104551451187335
"GALGAL-R12496",8613957114.37314,0.00131926121372032
"GALGAL-R12753",8606691660.95202,0.380936675461741
"GALGAL-R08400",7668472814.48247,0.0969656992084433
"GALGAL-R00988",7300661288.58035,0.735488126649076
"GALGAL-R15739",7291493678.69629,0.0428759894459103
"GALGAL-R06047",7278252974.63919,0.481860158311346
"GALGAL-R04080",7152068466.41236,0.100923482849604
"GALGAL-R01158",7142054546.53905,0.153034300791557
"GALGAL-R03694",6957486471.93519,0.0511213720316623
"GALGAL-R01578",6694712034.61306,0.894788918205805
"GALGAL-R08134",6675575876.93637,0.049802110817942
"GALGAL-R12283",6655550286.04453,0.0563984168865435
"GALGAL-R14751",6600208592.47915,0.196240105540897
"GALGAL-R11488",6585711135.91473,0.853562005277045
"GALGAL-R08261",6505837684.07948,0.551121372031662
"GALGAL-R16440",6317615804.31392,0.672823218997362
"GALGAL-R06043",6164263642.76681,0.636873350923483
"GALGAL-R09261",5611309644.16105,0.127968337730871
"GALGAL-R09953",5590579423.855,0.307058047493404
"GALGAL-R08963",5584488986.41588,0.255936675461741
"GALGAL-R05754",5535660558.61524,0.871042216358839
"GALGAL-R12479",5512012866.1373,0.197559366754617
"GALGAL-R10045",5090294097.74838,0.0745382585751979
"GALGAL-R12343",4913932721.48251,0.0989445910290237
"GALGAL-R05895",4862496818.20852,0.133905013192612
"GALGAL-R00266",4773120230.80451,0.477902374670185
"GALGAL-R10203",4755238974.23421,0.134564643799472
"GALGAL-R16164",4602676429.35565,0.395448548812665
"GALGAL-R13889",4597799838.04698,0.896767810026385
"GALGAL-R01541",4558331610.21755,0.050131926121372
"GALGAL-R13398",4505339841.96089,0.728891820580475
"GALGAL-R00537",4462296645.87074,0.935686015831135
"GALGAL-R10702",4187780324.16173,0.0636543535620053
"GALGAL-R02885",4158084882.06455,0.58212401055409
"GALGAL-R03637",4050082210.31725,0.651385224274406
"GALGAL-R01579",3980546851.48599,0.54221635883905
"GALGAL-R05097",3976309189.90671,0.482519788918206
"GALGAL-R14192",3939946661.51639,0.108509234828496
"GALGAL-R01593",3867081225.69081,0.397427440633245
"GALGAL-R05705",3648526586.79558,0.774076517150396
"GALGAL-R07310",3559326482.93535,0.404023746701847
"GALGAL-R02238",3533800302.91385,0.841688654353562
"GALGAL-R11882",3471497011.03967,0.505606860158311
"GALGAL-R05011",3463964134.19834,0.426121372031662
"GALGAL-R03758",3441452169.41474,0.302770448548813
"GALGAL-R15772",3363458183.79843,0.129617414248021
"GALGAL-R15923",3321863261.5427,0.272097625329815
"GALGAL-R08633",3287318590.4269,0.527704485488127
"GALGAL-R08124",3272735052.76367,0.340699208443272
"GALGAL-R10143",3225338661.84331,0.0920184696569921
"GALGAL-R12734",3188001550.97997,0.0854221635883905
"GALGAL-R05477",3058759339.13524,0.269788918205805
"GALGAL-R14755",3055030302.22157,0.00395778364116095
"GALGAL-R09470",3005986124.23877,0.213390501319261
"GALGAL-R03671",2948494611.11949,0.0296833773087071
"GALGAL-R12382",2937304324.86684,0.472955145118733
"GALGAL-R08845",2845850562.81525,0.881596306068602
"GALGAL-R00196",2782382641.43137,0.650065963060686
"GALGAL-R12564",2760202993.9675,0.0883905013192612
"GALGAL-R06744",2598041564.37152,0.70976253298153
"GALGAL-R07137",2488055306.20494,0.700527704485488
"GALGAL-R00216",2333156414.88578,0.312335092348285
"GALGAL-R12266",2309699733.84433,0.405013192612137
"GALGAL-R06749",2274575450.29442,0.0504617414248021
"GALGAL-R11384",2223702832.54372,0.340039577836412
"GALGAL-R02573",2200508754.85042,0.348944591029024
"GALGAL-R03842",2029138627.09656,0.0880606860158311
"GALGAL-R16167",2013885827.41104,0.456134564643799
"GALGAL-R10834",1996065686.24743,0.632915567282322
"GALGAL-R10674",1853401840.1335,0.549802110817942
"GALGAL-R05998",1796296840.80041,0.0300131926121372
"GALGAL-R02232",1779787341.75269,0.151385224274406
"GALGAL-R11046",1756879620.46663,0.016490765171504
"GALGAL-R05799",1744806409.58487,0.427110817941952
"GALGAL-R05520",1744785199.00266,0.099934036939314
"GALGAL-R12708",1738906072.75769,0.789248021108179
"GALGAL-R15465",1734834351.56152,0.00560686015831135
"GALGAL-R06702",1707771794.68014,0.193271767810026
"GALGAL-R16463",1638695035.97164,0.434696569920844
"GALGAL-R12096",1632933431.86626,0.0422163588390501
"GALGAL-R12045",1624630956.39234,0.205145118733509
"GALGAL-R04005",1619525277.36124,0.152044854881266
"GALGAL-R00380",1607286697.17122,0.0336411609498681
"GALGAL-R12019",1596019293.95555,0.280343007915567
"GALGAL-R14026",1577575323.49808,0.590039577836412
"GALGAL-R00406",1552844431.19175,0.111807387862797
"GALGAL-R13079",1542797876.59705,0.366424802110818
"GALGAL-R11305",1513311086.13685,0.382255936675462
"GALGAL-R03852",1472989697.86866,0.062664907651715
"GALGAL-R08085",1444747197.68322,0.896767810026385
"GALGAL-R15071",1363780593.54416,0.00395778364116095
"GALGAL-R00548",1344156609.68098,0.74835092348285
"GALGAL-R00825",1339512581.9787,0.426781002638522
"GALGAL-R00945",1333339049.20343,0.475923482849604
"GALGAL-R04400",1302977273.59261,0.148416886543536
"GALGAL-R11972",1245992652.2732,0.705474934036939
"GALGAL-R00913",1233580540.72884,0.0656332453825857
"GALGAL-R01590",1199882100.58369,0.336081794195251
"GALGAL-R07261",1184269942.41462,0.0860817941952507
"GALGAL-R12425",1147188960.26991,0.267150395778364
"GALGAL-R14475",1098983823.37444,0.469656992084433
"GALGAL-R03800",1094364522.96301,0.397097625329815
"GALGAL-R04592",1094308969.92341,0.474934036939314
"GALGAL-R08594",1088454848.77103,0.611807387862797
"GALGAL-R02819",1070174414.38758,0.730540897097625
"GALGAL-R05515",1051854410.00319,0.149736147757256
"GALGAL-R07210",993301975.686776,0.50131926121372
"GALGAL-R01911",984034709.319367,0.398087071240106
"GALGAL-R15792",982165835.090217,0.211411609498681
"GALGAL-R13995",981801979.180424,0.323548812664908
"GALGAL-R12948",981800737.057812,0.111477572559367
"GALGAL-R16139",976420787.519986,0.496042216358839
"GALGAL-R03648",922356650.425241,0.145118733509235
"GALGAL-R10491",918563062.144735,0.111807387862797
"GALGAL-R03633",903857978.781125,0.726253298153034
"GALGAL-R01991",903420381.262839,0.189973614775726
"GALGAL-R07705",807313236.081254,0.769788918205805
"GALGAL-R12588",791748269.463425,0.0986147757255937
"GALGAL-R03699",778610773.571074,0.218007915567282
"GALGAL-R07747",771266263.196749,0.727572559366755
"GALGAL-R12065",750466082.089553,0.0395778364116095
"GALGAL-R05882",737312681.234764,0.0418865435356201
"GALGAL-R01564",682200327.722717,0.763522427440633
"GALGAL-R12850",677083231.039468,0.324538258575198
"GALGAL-R14507",672855296.025357,0.851912928759894
"GALGAL-R06077",664871167.898639,0.50164907651715
"GALGAL-R08725",652100316.774793,0.454485488126649
"GALGAL-R00484",648293614.428016,0.711411609498681
"GALGAL-R05653",623389869.360743,0.154023746701847
"GALGAL-R10181",623290030.975493,0.180079155672823
"GALGAL-R03257",612691574.053863,0.0768469656992084
"GALGAL-R16448",600507838.402352,0.62401055408971
"GALGAL-R15717",584022818.392805,0.563654353562005
"GALGAL-R08679",580974255.503255,0.246372031662269
"GALGAL-R04157",561364420.478118,0.263522427440633
"GALGAL-R16653",560692698.581827,0.0972955145118733
"GALGAL-R01415",559549660.692534,0.000989445910290238
"GALGAL-R03121",553179357.448529,0.0240765171503958
"GALGAL-R10913",551747574.447919,0.911609498680739
"GALGAL-R10179",542890161.052985,0.0775065963060686
"GALGAL-R15965",536693022.9264,0.412598944591029
"GALGAL-R16370",535626653.630957,0.360488126649077
"GALGAL-R11968",527514777.675911,0.0893799472295514
"GALGAL-R08181",514779179.610719,0.180408970976253
"GALGAL-R00837",514590303.959707,0.299802110817942
"GALGAL-R08731",508683105.698417,0.223614775725594
"GALGAL-R02522",507122196.561023,0.0399076517150396
"GALGAL-R16734",504008036.294857,0.294195250659631
"GALGAL-R16163",492359745.78694,0.772757255936675
"GALGAL-R15809",476130141.234206,0.212730870712401
"GALGAL-R15470",469279457.579278,0.445580474934037
"GALGAL-R16961",459350912.317441,0.0349604221635884
"GALGAL-R04378",446069212.262154,0.08311345646438
"GALGAL-R06350",439370546.803466,0.762862796833773
"GALGAL-R11530",435757309.226126,0.0280343007915567
"GALGAL-R11573",421354284.746508,0.109828496042216
"GALGAL-R00804",417048219.087255,0.83410290237467
"GALGAL-R14149",393935212.339509,0.116094986807388
"GALGAL-R14993",388220197.28364,0.277374670184697
"GALGAL-R00727",381399401.60522,0.321240105540897
"GALGAL-R03554",375401413.611557,0.163588390501319
"GALGAL-R16451",365834811.87027,0.121372031662269
"GALGAL-R13038",340368607.336138,0.0244063324538259
"GALGAL-R02282",331690229.451989,0.822889182058048
"GALGAL-R01504",328260458.676197,0.700197889182058
"GALGAL-R00342",319500723.211323,0.141160949868074
"GALGAL-R13373",304121337.512177,0.150065963060686
"GALGAL-R00889",302900293.27401,0.856200527704486
"GALGAL-R13246",288054456.751346,0.553759894459103
"GALGAL-R03526",286839232.791578,0.0943271767810026
"GALGAL-R11299",271063912.522699,0.179419525065963
"GALGAL-R16615",269217951.331598,0.349274406332454
"GALGAL-R05089",265074165.030702,0.281662269129288
"GALGAL-R12027",261072877.957721,0.135554089709763
"GALGAL-R16437",258268701.255707,0.435356200527704
"GALGAL-R08440",257362334.540816,0.440963060686016
"GALGAL-R03176",254625121.340604,0.04155672823219
"GALGAL-R05605",250608283.606292,0.0455145118733509
"GALGAL-R11600",242607080.166639,0.0273746701846966
"GALGAL-R11661",238310492.561775,0.0151715039577836
"GALGAL-R12700",227003039.416852,0.33509234828496
"GALGAL-R03930",226053648.485502,0.00824538258575198
"GALGAL-R08657",224211550.374051,0.175791556728232
"GALGAL-R07160",218342339.873079,0.190633245382586
"GALGAL-R00864",217020336.98632,0.533970976253298
"GALGAL-R04576",215539549.119862,0.140831134564644
"GALGAL-R15066",213334208.170787,0.356200527704486
"GALGAL-R05085",208818289.47937,0.103232189973615
"GALGAL-R09469",207283339.504248,0.627308707124011
"GALGAL-R01975",201357321.604481,0.591358839050132
"GALGAL-R11151",201251175.875653,0.00329815303430079
"GALGAL-R12259",199553476.893879,0.413588390501319
"GALGAL-R08985",196601929.441807,0.343667546174142
"GALGAL-R17256",193462684.854342,0.0550791556728232
"GALGAL-R06354",192538713.050567,0.694261213720317
"GALGAL-R09569",190824778.449217,0.33311345646438
"GALGAL-R17871",190659179.054545,0.570250659630607
"GALGAL-R01036",189009120.444053,0.347955145118733
"GALGAL-R12641",188295681.203829,0.520118733509235
"GALGAL-R08856",185539922.886906,0.721306068601583
"GALGAL-R05488",179383628.992974,0.493073878627968
"GALGAL-R08476",176946127.68322,0.0537598944591029
"GALGAL-R01880",175955188.237643,0.33245382585752
"GALGAL-R13620",175952442.825839,0.153693931398417
"GALGAL-R15868",163420259.037808,0.109168865435356
"GALGAL-R01745",157291396.8154,0.718007915567282
"GALGAL-R12928",155966338.04342,0.350593667546174
"GALGAL-R05182",153099742.169806,0.329485488126649
"GALGAL-R05487",150518905.993113,0.213720316622691
"GALGAL-R13959",150230298.741954,0.329485488126649
"GALGAL-R03175",149298163.088441,0.103891820580475
"GALGAL-R02433",145079765.035983,0.478562005277045
"GALGAL-R03756",142125302.15856,0.365105540897098
"GALGAL-R10788",139948939.874073,0.261543535620053
"GALGAL-R01666",135482649.791788,0.487796833773087
"GALGAL-R12302",134352627.158964,0.149406332453826
"GALGAL-R13485",133657047.515489,0.259894459102902
"GALGAL-R16135",131902204.967415,0.643469656992084
"GALGAL-R15706",128754149.321454,0.133905013192612
"GALGAL-R14555",126581631.304307,0.12302110817942
"GALGAL-R05914",126396486.410757,0.28957783641161
"GALGAL-R16460",124305643.594175,0.62434036939314
"GALGAL-R16252",121385583.443032,0.136873350923483
"GALGAL-R09001",119705949.552489,0.00296833773087071
"GALGAL-R11912",119141781.231582,0.635224274406332
"GALGAL-R05923",118537270.456647,0.402044854881267
"GALGAL-R04069",114119295.956264,0.0728891820580475
"GALGAL-R11938",113107253.825346,0.226253298153034
"GALGAL-R04184",112498803.638976,0.174802110817942
"GALGAL-R09422",111870940.232465,0.273416886543536
"GALGAL-R00600",111741363.725539,0.0112137203166227
"GALGAL-R08802",109112338.694967,0.825857519788918
"GALGAL-R09910",105380533.883144,0.00527704485488127
"GALGAL-R02191",104412042.260477,0.107519788918206
"GALGAL-R00433",104359350.850594,0.661279683377309
"GALGAL-R15145",104191469.41487,0.435686015831135
"GALGAL-R10657",102691246.018528,0.0695910290237467
"GALGAL-R13249",100928861.973082,0.713720316622691
"GALGAL-R12660",100724752.117159,0.0244063324538259
"GALGAL-R16138",100104219.384187,0.037598944591029
"GALGAL-R08998",98267174.0786605,0.326187335092348
"GALGAL-R07343",96401466.8372278,0.384894459102902
"GALGAL-R10503",94358792.8687361,0.613786279683377
"GALGAL-R00346",91291824.257403,0.726253298153034
"GALGAL-R02143",89297299.2790709,0.0108839050131926
"GALGAL-R08921",87672861.6317789,0.294854881266491
"GALGAL-R02331",86110385.3617465,0.161609498680739
"GALGAL-R13231",79369329.1097538,0.783641160949868
"GALGAL-R04418",78681179.4109266,0.449208443271768
"GALGAL-R06367",77844469.4367975,0.548482849604222
"GALGAL-R11091",75773233.6150792,0.0240765171503958
"GALGAL-R10192",75643646.3781278,0.12302110817942
"GALGAL-R00245",75303486.0539759,0.279353562005277
"GALGAL-R10448",73587526.5456046,0.380936675461741
"GALGAL-R04446",72878913.4582407,0.115765171503958
"GALGAL-R04594",72279996.2929297,0.0755277044854881
"GALGAL-R02153",71360911.5976742,0.195580474934037
"GALGAL-R05386",70382945.4317786,0.0758575197889182
"GALGAL-R09418",68896518.7422748,0.658641160949868
"GALGAL-R15744",65699653.9132714,0.0349604221635884
"GALGAL-R05887",65436469.4894708,0.106860158311346
"GALGAL-R11130",59788876.3559868,0.263522427440633
"GALGAL-R10294",59249698.9167963,0.474934036939314
"GALGAL-R07830",58981303.0925611,0.758245382585752
"GALGAL-R12692",58857703.608692,0.12302110817942
"GALGAL-R03929",58553065.3290249,0.509894459102902
"GALGAL-R01108",58309034.5084581,0.662598944591029
"GALGAL-R10159",58247440.62853,0.079155672823219
"GALGAL-R06026",56261419.4073388,0.0554089709762533
"GALGAL-R03958",56240435.9209791,0.252968337730871
"GALGAL-R09284",55541304.8368381,0.467018469656992
"GALGAL-R12348",55002885.44415,0.20877308707124
"GALGAL-R10551",54726174.1124096,0.155343007915567
"GALGAL-R10643",54507036.0946817,0.527704485488127
"GALGAL-R14964",51903833.14087,0.252308707124011
"GALGAL-R05326",49918304.8104634,0.352572559366755
"GALGAL-R05065",49903344.8859987,0.176451187335092
"GALGAL-R08392",49033319.2352888,0.0504617414248021
"GALGAL-R09245",44372297.6147537,0.737137203166227
"GALGAL-R05449",42855422.7007201,0.551781002638522
"GALGAL-R13553",42345799.3856883,0.443601583113456
"GALGAL-R08547",41719059.6702142,0.515501319261214
"GALGAL-R14913",41441565.792453,0.0563984168865435
"GALGAL-R00388",41268203.5269043,0.686345646437995
"GALGAL-R14015",39838108.7917769,0.350593667546174
"GALGAL-R01665",39097792.8024246,0.50065963060686
"GALGAL-R13187",38736318.8957945,0.0679419525065963
"GALGAL-R08513",38709046.2800743,0.0197889182058048
"GALGAL-R09462",38595092.2094967,0.0689313984168865
"GALGAL-R01782",38346265.7194922,0.521437994722955
"GALGAL-R11875",38034341.725165,0.363126649076517
"GALGAL-R13032",37879316.9265101,0.133905013192612
"GALGAL-R16220",37548518.4879943,0.186675461741425
"GALGAL-R03920",37529158.8360145,0.231530343007916
"GALGAL-R01951",37382154.2358029,0.221306068601583
"GALGAL-R10194",36357471.0981453,0.25
"GALGAL-R10836",36072115.0955275,0.784300791556728
"GALGAL-R12849",35659538.0498045,0.0158311345646438
"GALGAL-R08398",33902361.3526529,0.172493403693931
"GALGAL-R04758",33164434.225081,0.312994722955145
"GALGAL-R03990",32106232.827073,0.781662269129288
"GALGAL-R05833",31513978.7004246,0.5844327176781
"GALGAL-R00396",31377611.1692794,0.0438654353562005
"GALGAL-R02668",31298447.8491455,0.0649736147757256
"GALGAL-R00926",31068432.8925797,0.0646437994722955
"GALGAL-R04068",29744335.7686209,0.635883905013193
"GALGAL-R02813",29149969.9126915,0.477572559366755
"GALGAL-R00477",28539426.0321305,0.841358839050132
"GALGAL-R15724",28090630.5622196,0.598284960422164
"GALGAL-R08346",27850719.6350319,0.62467018469657
"GALGAL-R09505",27476678.8823517,0.419195250659631
"GALGAL-R05580",27470700.6092719,0.095646437994723
"GALGAL-R05426",25483833.4770537,0.157651715039578
"GALGAL-R10720",25251700.385537,0.299472295514512
"GALGAL-R03016",24219914.8927139,0.736147757255937
"GALGAL-R07318",24183300.5559748,0.595976253298153
"GALGAL-R10220",23764320.1035199,0.191292875989446
"GALGAL-R02958",23754577.9766963,0.308377308707124
"GALGAL-R09969",23751246.3699339,0.313984168865435
"GALGAL-R16263",23749217.0937257,0.137203166226913
"GALGAL-R09270",23748411.333685,0.195250659630607
"GALGAL-R14823",23449832.3179456,0.550131926121372
"GALGAL-R03994",23218809.2095491,0.620712401055409
"GALGAL-R16324",23183453.1128874,0.00329815303430079
"GALGAL-R15045",23123606.8020616,0.744722955145119
"GALGAL-R07201",22443753.6387353,0.445580474934037
"GALGAL-R02075",22210426.5258167,0.0062664907651715
"GALGAL-R05576",22130454.7002642,0.703496042216359
"GALGAL-R12881",21672993.2283218,0.195910290237467
"GALGAL-R07225",20697814.322584,0.45646437994723
"GALGAL-R04369",20610896.8080714,0.0606860158311346
"GALGAL-R00921",20576359.3897729,0.681728232189974
"GALGAL-R04420",20464514.7841727,0.0629947229551451
"GALGAL-R08442",20458701.7369366,0.0580474934036939
"GALGAL-R01116",20371742.5507083,0.322559366754617
"GALGAL-R02105",19336736.2428653,0.419525065963061
"GALGAL-R01452",19239224.5918433,0.62368073878628
"GALGAL-R04497",18817468.4442223,0.037598944591029
"GALGAL-R14457",18259389.911412,0.00527704485488127
"GALGAL-R03532",18055623.3863383,0.0989445910290237
"GALGAL-R08481",17843473.259217,0.307717678100264
"GALGAL-R06301",17813517.6211813,0.271108179419525
"GALGAL-R08339",17800945.4498556,0.438654353562005
"GALGAL-R08974",17800181.8111207,0.0158311345646438
"GALGAL-R01823",17779038.8013837,0.0474934036939314
"GALGAL-R04374",17389991.4582264,0.644788918205805
"GALGAL-R08360",17256641.9906266,0.0441952506596306
"GALGAL-R07269",17104677.9446735,0.180408970976253
"GALGAL-R03797",16714374.5452149,0.0491424802110818
"GALGAL-R00030",16573880.2232625,0.191622691292876
"GALGAL-R04616",16472050.363866,0.603891820580475
"GALGAL-R12315",16226301.0949652,0.285620052770449
"GALGAL-R14624",16185773.1365687,0.487137203166227
"GALGAL-R10032",16130956.4002204,0.169854881266491
"GALGAL-R04762",16130927.2143998,0.117084432717678
"GALGAL-R01491",16130876.7029834,0.0824538258575198
"GALGAL-R14389",16130847.848427,0.133905013192612
"GALGAL-R01992",16089600.0164678,0.66490765171504
"GALGAL-R02554",15749242.8110866,0.288588390501319
"GALGAL-R12256",15744761.9770673,0.150065963060686
"GALGAL-R07063",15683947.3836633,0.00560686015831135
"GALGAL-R05412",15385350.93314,0.785620052770449
"GALGAL-R08397",15351530.0569253,0.244722955145119
"GALGAL-R00824",15249261.8709662,0.502308707124011
"GALGAL-R16101",15224958.3777071,0.160949868073879
"GALGAL-R14241",14880556.8267515,0.686675461741425
"GALGAL-R03713",14497765.0329419,0.480870712401055
"GALGAL-R14668",14487279.0960503,0.627968337730871
"GALGAL-R10562",14425602.5640532,0.386873350923483
"GALGAL-R08750",14141922.9541842,0.70778364116095
"GALGAL-R16539",13984703.5645609,0.20976253298153
"GALGAL-R11540",13971667.3416247,0.296833773087071
"GALGAL-R04329",13247680.8264029,0.600923482849604
"GALGAL-R12424",13235011.1989292,0.277374670184697
"GALGAL-R00591",13219799.9808685,0.109498680738786
"GALGAL-R08719",13219497.7574194,0.216029023746702
"GALGAL-R11069",13134342.9067994,0.606200527704486
"GALGAL-R05800",13044781.8029853,0.572889182058048
"GALGAL-R00907",12622983.9939239,0.0722295514511873
"GALGAL-R03935",12604837.1103927,0.0798153034300792
"GALGAL-R15977",12529767.2005868,0.219656992084433
"GALGAL-R11971",12454943.8771884,0.16622691292876
"GALGAL-R07392",12453383.5320892,0.0913588390501319
"GALGAL-R04403",12376122.2117796,0.507255936675462
"GALGAL-R04025",12242953.1538064,0.33278364116095
"GALGAL-R10193",12185842.5823574,0.0118733509234828
"GALGAL-R15125",12112449.6186773,0.000989445910290238
"GALGAL-R11751",11963130.620241,0.799142480211082
"GALGAL-R13979",11794989.978595,0.0573878627968338
"GALGAL-R09359",11720939.7482948,0.0184696569920844
"GALGAL-R03332",11540297.0778133,0.747691292875989
"GALGAL-R00888",11497070.939569,0.58212401055409
"GALGAL-R08434",11469004.9598404,0.593007915567282
"GALGAL-R14055",11395263.2678882,0.537598944591029
"GALGAL-R13062",11299730.7764704,0.199868073878628
"GALGAL-R03514",11276766.6035575,0.0893799472295514
"GALGAL-R10787",11203551.4242273,0.774736147757256
"GALGAL-R04129",11117610.0831588,0.20976253298153
"GALGAL-R06360",10975929.0696575,0.716358839050132
"GALGAL-R08624",10904309.3210091,0.0240765171503958
"GALGAL-R04269",10871325.5828812,0.66655672823219
"GALGAL-R08419",10793141.8763417,0.466029023746702
"GALGAL-R17158",10634323.6440242,0.0300131926121372
"GALGAL-R01289",10489455.8073137,0.223284960422164
"GALGAL-R15155",10472591.583265,0.184696569920844
"GALGAL-R13195",10403663.2174857,0.240105540897098
"GALGAL-R00706",10328576.0817268,0.100923482849604
"GALGAL-R01909",10238960.8505465,0.170514511873351
"GALGAL-R06678",10228336.7601664,0.0521108179419525
"GALGAL-R04023",10116659.0148241,0.215369393139842
"GALGAL-R00919",10050691.4915641,0.662928759894459
"GALGAL-R09705",10048535.5728367,0.701517150395778
"GALGAL-R10487",9962201.32602572,0.351912928759894
"GALGAL-R14822",9904301.88003373,0.062664907651715
"GALGAL-R10190",9738389.91869933,0.644459102902375
"GALGAL-R12052",9733297.95636407,0.535620052770449
"GALGAL-R09556",9412145.74750499,0.345316622691293
"GALGAL-R11001",9376491.76190805,0.074868073878628
"GALGAL-R08590",9316285.88084111,0.0349604221635884
"GALGAL-R01130",9213074.03068881,0.787928759894459
"GALGAL-R12953",9158087.08971222,0.567941952506596
"GALGAL-R03341",9129329.36897246,0.506596306068602
"GALGAL-R14895",8906096.3233539,0.0465039577836412
"GALGAL-R10225",8898670.76363134,0.221635883905013
"GALGAL-R09530",8848624.58259637,0.102242744063325
"GALGAL-R05678",8787991.67381101,0.305079155672823
"GALGAL-R12907",8757585.48677558,0.016490765171504
"GALGAL-R16632",8697524.25770809,0.575197889182058
"GALGAL-R12699",8663947.35687958,0.273416886543536
"GALGAL-R05046",8571416.05436634,0.199208443271768
"GALGAL-R07218",8454685.60298819,0.58179419525066
"GALGAL-R05168",8375794.25142352,0.0016490765171504
"GALGAL-R08104",8352024.02540885,0.800791556728232
"GALGAL-R17379",8351698.90446367,0.713720316622691
"GALGAL-R14312",8346352.8943315,0.427110817941952
"GALGAL-R00258",8330528.51393853,0.396108179419525
"GALGAL-R10518",8328892.42149062,0.362137203166227
"GALGAL-R14910",8225349.33241955,0.66688654353562
"GALGAL-R03954",8187374.85734567,0.261213720316623
"GALGAL-R10963",8186362.27752165,0.220976253298153
"GALGAL-R10822",8093943.3183217,0.253298153034301
"GALGAL-R15008",7989169.17081531,0.386543535620053
"GALGAL-R12250",7746301.05537185,0.538918205804749
"GALGAL-R00358",7729463.02575236,0.201517150395778
"GALGAL-R16784",7602876.76568545,0.794854881266491
"GALGAL-R15815",7596298.07873053,0.341688654353562
"GALGAL-R01986",7448527.06535967,0.263852242744063
"GALGAL-R14935",7429221.65194489,0.16589709762533
"GALGAL-R13496",7255351.27070966,0.243073878627968
"GALGAL-R10591",7221314.74873002,0.0765171503957784
"GALGAL-R02935",7191150.36524328,0.573548812664908
"GALGAL-R08674",6987566.72573211,0.735488126649076
"GALGAL-R04934",6847284.0034373,0.830474934036939
"GALGAL-R11068",6829605.67388744,0.560686015831135
"GALGAL-R05337",6730389.03916039,0.112796833773087
"GALGAL-R01449",6685755.86040619,0.738786279683377
"GALGAL-R00996",6646135.87180907,0.050131926121372
"GALGAL-R03943",6559839.97320119,0.203496042216359
"GALGAL-R12750",6441551.32456732,0.476583113456464
"GALGAL-R16334",6390137.94213064,0.731530343007916
"GALGAL-R10188",6275614.32057878,0.514511873350924
"GALGAL-R14961",6131766.9886363,0.0263852242744063
"GALGAL-R04258",6109905.94725902,0.20844327176781
"GALGAL-R00022",6093577.72860282,0.808377308707124
"GALGAL-R04250",6018999.06828586,0.599604221635884
"GALGAL-R11166",5950738.34417472,0.757255936675462
"GALGAL-R13210",5940326.84929573,0.33377308707124
"GALGAL-R15750",5929698.24965048,0.346965699208443
"GALGAL-R15073",5919081.73260922,0.803100263852243
"GALGAL-R17265",5876802.375513,0.398087071240106
"GALGAL-R14980",5866588.54550426,0.561345646437995
"GALGAL-R05432",5852255.88281551,0.321569920844327
"GALGAL-R12500",5816688.93565304,0.432387862796834
"GALGAL-R12417",5693983.07577846,0.70745382585752
"GALGAL-R01636",5586339.30990157,0.679419525065963
"GALGAL-R14120",5576080.00928791,0.599934036939314
"GALGAL-R06226",5542713.94272508,0.0303430079155673
"GALGAL-R09314",5489373.46098258,0.468997361477573
"GALGAL-R15984",5479663.96791292,0.586411609498681
"GALGAL-R13456",5457155.81485875,0.381266490765171
"GALGAL-R10934",5415457.15223533,0.029353562005277
"GALGAL-R03909",5311709.12997768,0.308707124010554
"GALGAL-R01661",5212185.0668839,0.0445250659630607
"GALGAL-R12121",5177259.03047616,0.0953166226912929
"GALGAL-R11048",5142862.07193866,0.106200527704485
"GALGAL-R02755",5075569.97582689,0.674142480211082
"GALGAL-R02115",5043731.3482056,0.091688654353562
"GALGAL-R09531",5023193.36639663,0.450857519788918
"GALGAL-R05751",5007728.8959713,0.504617414248021
"GALGAL-R05696",5004977.88194123,0.116094986807388
"GALGAL-R08353",5004042.73241609,0.0448548812664908
"GALGAL-R04441",4944630.28634347,0.651385224274406
"GALGAL-R13089",4887770.53824013,0.0504617414248021
"GALGAL-R13405",4858613.31577223,0.186015831134565
"GALGAL-R07377",4757062.79548173,0.739775725593668
"GALGAL-R15363",4713135.51730679,0.711411609498681
"GALGAL-R00005",4684536.59550491,0.727242744063325
"GALGAL-R14858",4672779.15340092,0.427440633245383
"GALGAL-R08654",4627628.11082258,0.0860817941952507
"GALGAL-R02559",4627462.55747416,0.0300131926121372
"GALGAL-R02240",4609160.1324485,0.476253298153034
"GALGAL-R01748",4545164.95360546,0.408970976253298
"GALGAL-R12068",4528141.30826094,0.0577176781002639
"GALGAL-R02445",4527674.19649776,0.037598944591029
"GALGAL-R06223",4441882.55094975,0.577836411609499
"GALGAL-R03250",4417643.85480981,0.0514511873350923
"GALGAL-R02399",4408677.52512836,0.0465039577836412
"GALGAL-R11245",4304964.49768045,0.212401055408971
"GALGAL-R06055",4253909.34229311,0.630606860158311
"GALGAL-R01066",4251783.02844348,0.744722955145119
"GALGAL-R07973",4151682.13563888,0.58476253298153
"GALGAL-R04257",4147186.4287487,0.648746701846966
"GALGAL-R13427",4076836.68375108,0.0234168865435356
"GALGAL-R14975",4041299.10180396,0.265171503957784
"GALGAL-R12472",4015107.33150368,0.172493403693931
"GALGAL-R12648",3994174.03470953,0.116424802110818
"GALGAL-R13992",3994034.28069129,0.0277044854881266
"GALGAL-R04416",3968226.69963466,0.12467018469657
"GALGAL-R02055",3905835.84263729,0.698218997361478
"GALGAL-R02413",3873827.25714271,0.49868073878628
"GALGAL-R14244",3850475.21570461,0.782651715039578
"GALGAL-R01409",3762540.71254011,0.00230870712401055
"GALGAL-R04384",3746015.61563706,0.611807387862797
"GALGAL-R11629",3736907.46149161,0.04155672823219
"GALGAL-R08941",3727210.41584454,0.0399076517150396
"GALGAL-R04523",3724242.5345884,0.25098944591029
"GALGAL-R11868",3720466.28649374,0.649076517150396
"GALGAL-R14013",3705365.43479891,0.731530343007916
"GALGAL-R13312",3679948.25019085,0.360158311345646
"GALGAL-R13302",3572475.61162902,0.58278364116095
"GALGAL-R04558",3548967.89830322,0.313324538258575
"GALGAL-R08952",3487181.97874482,0.279353562005277
"GALGAL-R05570",3454741.53290908,0.507255936675462
"GALGAL-R12254",3336621.96239168,0.0339709762532982
"GALGAL-R03901",3322223.44877333,0.0735488126649076
"GALGAL-R02853",3305941.40215573,0.512862796833773
"GALGAL-R06667",3204378.80689024,0.58542216358839
"GALGAL-R05090",3198880.80271298,0.306728232189974
"GALGAL-R09764",3161011.44863235,0.660290237467018
"GALGAL-R08530",3143237.35994208,0.740435356200528
"GALGAL-R02178",3125262.18209526,0.00659630606860158
"GALGAL-R03015",3113692.39253668,0.278693931398417
"GALGAL-R10251",3106899.45111395,0.514511873350924
"GALGAL-R02126",3104615.32662702,0.305079155672823
"GALGAL-R12222",3068039.95572964,0.16787598944591
"GALGAL-R05665",3035932.75058072,0.41490765171504
"GALGAL-R06815",3001255.46015037,0.483179419525066
"GALGAL-R04634",2987598.93501996,0.347295514511873
"GALGAL-R01650",2983141.29249814,0.185026385224274
"GALGAL-R03608",2969029.12127242,0.480540897097625
"GALGAL-R01619",2965465.08936656,0.660620052770449
"GALGAL-R07364",2956824.43501819,0.0161609498680739
"GALGAL-R12125",2947739.27438477,0.0986147757255937
"GALGAL-R16196",2947464.11205913,0.168865435356201
"GALGAL-R05616",2941724.61127524,0.0662928759894459
"GALGAL-R00949",2939480.16773811,0.317612137203166
"GALGAL-R15814",2937336.90907777,0.287269129287599
"GALGAL-R12480",2937314.56619028,0.224604221635884
"GALGAL-R05529",2937310.99439809,0.262862796833773
"GALGAL-R15746",2936995.25769391,0.192282321899736
"GALGAL-R16109",2936228.3273113,0.0517810026385224
"GALGAL-R13286",2935916.8207532,0.0682717678100264
"GALGAL-R10675",2935916.05590464,0.0247361477572559
"GALGAL-R14830",2904581.43232622,0.578825857519789
"GALGAL-R13395",2903326.56781295,0.686675461741425
"GALGAL-R09819",2828942.3112204,0.503957783641161
"GALGAL-R15497",2812609.03830936,0.811675461741425
"GALGAL-R12975",2807787.83236084,0.733839050131926
"GALGAL-R05096",2800846.81960157,0.0257255936675462
"GALGAL-R04526",2800764.17341147,0.163588390501319
"GALGAL-R08672",2769391.3911403,0.185356200527704
"GALGAL-R16672",2751380.56232228,0.481200527704486
"GALGAL-R10229",2660462.67057209,0.0379287598944591
"GALGAL-R11876",2659299.99129066,0.115105540897098
"GALGAL-R03160",2655143.43736965,0.0590369393139842
"GALGAL-R13459",2600731.48025463,0.0461741424802111
"GALGAL-R13239",2566828.63311354,0.705474934036939
"GALGAL-R07856",2555109.28675738,0.29353562005277
"GALGAL-R13863",2498350.66082631,0.722625329815303
"GALGAL-R06041",2479113.82407528,0.103562005277045
"GALGAL-R03906",2468022.33986127,0.447229551451187
"GALGAL-R02428",2421980.95437874,0.558377308707124
"GALGAL-R01644",2367448.84737783,0.218667546174142
"GALGAL-R08255",2365864.81708301,0.0600263852242744
"GALGAL-R10863",2353694.42370833,0.697229551451187
"GALGAL-R06760",2331249.95889573,0.661609498680739
"GALGAL-R15407",2299434.05248246,0.465369393139842
"GALGAL-R06726",2295735.94069386,0.303100263852243
"GALGAL-R09866",2283159.09563118,0.605211081794195
"GALGAL-R14974",2247072.94571359,0.519788918205805
"GALGAL-R07266",2242318.03143246,0.346635883905013
"GALGAL-R11227",2193863.73594269,0.0850923482849604
"GALGAL-R16053",2185665.3702817,0.234168865435356
"GALGAL-R06768",2133125.33718403,0.572889182058048
"GALGAL-R07252",2125881.59049079,0.297163588390501
"GALGAL-R17012",2064736.54812648,0.476912928759894
"GALGAL-R14097",2058989.044496,0.0336411609498681
"GALGAL-R02860",2058490.86151836,0.442282321899736
"GALGAL-R01485",2019110.85803733,0.450527704485488
"GALGAL-R08687",1995752.1896232,0.37434036939314
"GALGAL-R03700",1980664.70990866,0.392480211081794
"GALGAL-R14914",1979051.2770043,0.241094986807388
"GALGAL-R06712",1942206.73897443,0.411609498680739
"GALGAL-R09986",1930036.0038604,0.142810026385224
"GALGAL-R17219",1911856.54491111,0.724274406332454
"GALGAL-R00742",1855934.2791723,0.118733509234828
"GALGAL-R00304",1835071.01779629,0.307717678100264
"GALGAL-R09975",1798575.18469952,0.364116094986807
"GALGAL-R02346",1797756.17486874,0.138852242744063
"GALGAL-R09231",1777918.80079787,0.558047493403694
"GALGAL-R02203",1774744.9028743,0.0517810026385224
"GALGAL-R05274",1760136.18255491,0.151385224274406
"GALGAL-R10269",1751886.59040405,0.0600263852242744
"GALGAL-R05764",1749317.18168064,0.136543535620053
"GALGAL-R05058",1748820.89059939,0.153693931398417
"GALGAL-R15468",1745303.70200008,0.670514511873351
"GALGAL-R10081",1737614.35173743,0.106200527704485
"GALGAL-R00424",1734905.44458275,0.212401055408971
"GALGAL-R12710",1733398.58583505,0.16655672823219
"GALGAL-R12309",1733282.60454633,0.0976253298153034
"GALGAL-R08382",1725764.77496175,0.563324538258575
"GALGAL-R15879",1725585.42897937,0.815303430079156
"GALGAL-R16180",1724042.93425616,0.635554089709763
"GALGAL-R06818",1697222.6674431,0.66754617414248
"GALGAL-R17748",1695771.37573387,0.428759894459103
"GALGAL-R08196",1669514.78742739,0.743733509234829
"GALGAL-R01790",1658664.6488055,0.54353562005277
"GALGAL-R04199",1646798.00054603,0.663258575197889
"GALGAL-R08238",1646053.97743351,0.508575197889182
"GALGAL-R12219",1629524.16360122,0.276055408970976
"GALGAL-R09962",1613180.56745344,0.128957783641161
"GALGAL-R05484",1604557.20701184,0.137532981530343
"GALGAL-R05026",1604006.14120845,0.170184696569921
"GALGAL-R17475",1565473.51303303,0.122691292875989
"GALGAL-R08470",1555754.61099107,0.240765171503958
"GALGAL-R11219",1546381.24124535,0.296174142480211
"GALGAL-R07782",1544155.85241471,0.318931398416887
"GALGAL-R15691",1533592.65814909,0.215369393139842
"GALGAL-R15917",1533181.81298335,0.383905013192612
"GALGAL-R14617",1513618.45236324,0.355540897097625
"GALGAL-R08962",1469336.21416895,0.0079155672823219
"GALGAL-R04627",1431164.48735475,0.268469656992084
"GALGAL-R16818",1424667.55086178,0.452836411609499
"GALGAL-R01603",1421183.03266811,0.0412269129287599
"GALGAL-R05018",1417445.94898411,0.447559366754617
"GALGAL-R01037",1391967.96166663,0.0214379947229551
"GALGAL-R13066",1385401.95425574,0.12598944591029
"GALGAL-R14923",1384209.71930069,0.29254617414248
"GALGAL-R10117",1374774.90350563,0.568601583113456
"GALGAL-R03643",1373384.27792258,0.0468337730870712
"GALGAL-R12938",1358329.03582525,0.62697889182058
"GALGAL-R13960",1340213.92985431,0.437005277044855
"GALGAL-R07232",1338490.62541924,0.215369393139842
"GALGAL-R07613",1334232.64813183,0.633575197889182
"GALGAL-R12183",1332484.30097471,0.0385883905013193
"GALGAL-R11994",1307357.03478128,0.139182058047493
"GALGAL-R02437",1291449.69522202,0.433707124010554
"GALGAL-R02795",1285749.99025641,0.561675461741425
"GALGAL-R14711",1270402.18554596,0.150725593667546
"GALGAL-R12890",1266464.61776424,0.00890501319261214
"GALGAL-R12651",1265452.58107796,0.154023746701847
"GALGAL-R03537",1262167.01194419,0.0352902374670185
"GALGAL-R13489",1242758.32464197,0.571569920844327
"GALGAL-R07620",1230416.51221404,0.336081794195251
"GALGAL-R13274",1215015.90834106,0.151385224274406
"GALGAL-R03802",1214481.11795911,0.778693931398417
"GALGAL-R00718",1213600.78420055,0.125
"GALGAL-R17568",1204962.65954674,0.0445250659630607
"GALGAL-R08417",1198129.37732788,0.113786279683377
"GALGAL-R08625",1179229.97999325,0.231860158311346
"GALGAL-R10092",1158807.97892385,0.304749340369393
"GALGAL-R04265",1132315.5548336,0.0296833773087071
"GALGAL-R15718",1131985.00161069,0.220316622691293
"GALGAL-R12388",1118545.63608659,0.75131926121372
"GALGAL-R12705",1114965.85774698,0.453825857519789
"GALGAL-R15405",1114669.77081489,0.0636543535620053
"GALGAL-R14874",1113220.171085,0.234168865435356
"GALGAL-R07196",1098823.80337341,0.0669525065963061
"GALGAL-R12051",1078003.434215,0.0263852242744063
"GALGAL-R05015",1059078.75671897,0.0573878627968338
"GALGAL-R14774",1053653.84119911,0.448218997361478
"GALGAL-R11390",1042969.27165443,0.389182058047493
"GALGAL-R01948",1035664.44531102,0.538588390501319
"GALGAL-R10708",1022563.36941837,0.740105540897098
"GALGAL-R13653",1014659.55859023,0.025065963060686
"GALGAL-R08598",985804.108115224,0.0897097625329815
"GALGAL-R03723",976898.384819254,0.563654353562005
"GALGAL-R06533",956343.443727763,0.297493403693931
"GALGAL-R07537",947493.863971395,0.649736147757256
"GALGAL-R12436",938198.889399852,0.347625329815303
"GALGAL-R00606",916587.216654899,0.0468337730870712
"GALGAL-R16924",911586.113354749,0.378957783641161
"GALGAL-R00295",909904.85760524,0.37467018469657
"GALGAL-R14621",907788.827221181,0.100923482849604
"GALGAL-R03576",903760.387042393,0.225923482849604
"GALGAL-R14274",887397.646365366,0.444591029023747
"GALGAL-R16027",880877.144633516,0.268469656992084
"GALGAL-R04366",869273.920860607,0.0435356200527705
"GALGAL-R09072",865279.89494888,0.155013192612137
"GALGAL-R09440",857967.610151969,0.432717678100264
"GALGAL-R09997",849911.043819695,0.554089709762533
"GALGAL-R11380",838843.366349691,0.448548812664908
"GALGAL-R05444",831458.251605622,0.676451187335092
"GALGAL-R05584",826932.11054675,0.489116094986807
"GALGAL-R08485",825775.350544613,0.0887203166226913
"GALGAL-R03228",825680.481090124,0.234498680738786
"GALGAL-R06180",788868.213746886,0.463060686015831
"GALGAL-R16623",786385.042001442,0.484498680738786
"GALGAL-R10690",785912.218169976,0.244393139841689
"GALGAL-R10318",779854.664402395,0.146767810026385
"GALGAL-R04131",772332.245398781,0.232849604221636
"GALGAL-R06681",757887.372332872,0.146437994722955
"GALGAL-R08416",744361.066621271,0.175461741424802
"GALGAL-R10576",728650.368104122,0.0211081794195251
"GALGAL-R02028",727818.199728735,0.0692612137203166
"GALGAL-R08084",707416.350159063,0.41787598944591
"GALGAL-R12291",699288.242820405,0.100263852242744
"GALGAL-R05345",696539.427869431,0.202506596306069
"GALGAL-R02321",696480.018440931,0.142150395778364
"GALGAL-R14365",693115.733113083,0.355540897097625
"GALGAL-R04106",682259.57791911,0.236477572559367
"GALGAL-R03528",676835.606398028,0.0204485488126649
"GALGAL-R10432",674736.008344927,0.117414248021108
"GALGAL-R10704",669534.248662919,0.378627968337731
"GALGAL-R04582",669524.089834928,0.645448548812665
"GALGAL-R06012",664424.042024317,0.522427440633245
"GALGAL-R10184",660717.5340951,0.204485488126649
"GALGAL-R09716",645096.07209054,0.610158311345646
"GALGAL-R00699",633341.391038039,0.0448548812664908
"GALGAL-R07145",626255.513062041,0.478232189973615
"GALGAL-R11462",618484.56793401,0.145448548812665
"GALGAL-R00474",618143.992827914,0.181068601583113
"GALGAL-R03611",617639.010771254,0.140171503957784
"GALGAL-R12947",611237.19856567,0.0577176781002639
"GALGAL-R00696",601040.933973422,0.00296833773087071
"GALGAL-R00504",598378.472511814,0.723944591029024
"GALGAL-R04484",591808.208239486,0.448218997361478
"GALGAL-R08174",580290.14906835,0.450857519788918
"GALGAL-R05509",577309.516760095,0.00824538258575198
"GALGAL-R05690",569473.205397185,0.684366754617414
"GALGAL-R00190",564530.571631445,0.299142480211082
"GALGAL-R00327",562668.384238104,0.605211081794195
"GALGAL-R03630",562614.099347717,0.619063324538259
"GALGAL-R02117",559651.5428225,0.45910290237467
"GALGAL-R14046",558155.634183276,0.106530343007916
"GALGAL-R12959",552935.29718751,0.0906992084432718
"GALGAL-R11378",536320.603430956,0.565963060686016
"GALGAL-R05438",532056.301689589,0.693601583113456
"GALGAL-R05083",519215.863478651,0.340039577836412
"GALGAL-R00399",515826.814692904,0.222955145118734
"GALGAL-R10719",506400.017003699,0.352902374670185
"GALGAL-R09612",496980.23955932,0.0949868073878628
"GALGAL-R12616",496698.739986998,0.0326517150395778
"GALGAL-R01875",495454.038097095,0.062664907651715
"GALGAL-R14246",491170.318998592,0.0900395778364116
"GALGAL-R08723",481326.438644617,0.113126649076517
"GALGAL-R05066",479492.679688899,0.0982849604221636
"GALGAL-R00679",478594.127502271,0.530672823218997
"GALGAL-R01924",475819.731028766,0.538918205804749
"GALGAL-R04202",464346.474328094,0.106860158311346
"GALGAL-R04125",458608.959366054,0.107849604221636
"GALGAL-R16850",455616.466205263,0.156002638522427
"GALGAL-R05473",453967.871849789,0.578496042216359
"GALGAL-R15755",451447.043857406,0.530013192612137
"GALGAL-R12701",451025.052699913,0.259894459102902
"GALGAL-R12940",443674.514179972,0.646108179419525
"GALGAL-R01384",441344.466179028,0.650725593667546
"GALGAL-R15838",434881.324626518,0.158970976253298
"GALGAL-R12765",430678.802684341,0.46009234828496
"GALGAL-R05453",418383.193616578,0.330145118733509
"GALGAL-R10311",416800.573368761,0.0481530343007916
"GALGAL-R05517",415429.619933478,0.0412269129287599
"GALGAL-R10774",387365.778243425,0.470976253298153
"GALGAL-R14258",386157.753648177,0.0095646437994723
"GALGAL-R12876",382325.078923875,0.12598944591029
"GALGAL-R06064",380979.187380121,0.155013192612137
"GALGAL-R12891",379410.973498328,0.0122031662269129
"GALGAL-R05636",373142.820124896,0.396437994722955
"GALGAL-R08886",359450.576013314,0.012532981530343
"GALGAL-R08629",353719.976749527,0.0194591029023747
"GALGAL-R00407",347769.472866437,0.414248021108179
"GALGAL-R14107",347514.754201971,0.155672823218997
"GALGAL-R14767",346887.369297973,0.222955145118734
"GALGAL-R02654",344210.378441649,0.0811345646437995
"GALGAL-R14620",343757.420069414,0.362137203166227
"GALGAL-R13458",338875.296094736,0.20877308707124
"GALGAL-R02376",336014.077685003,0.162928759894459
"GALGAL-R11135",334531.704612279,0.353891820580475
"GALGAL-R07325",326896.802371041,0.228562005277045
"GALGAL-R03450",323544.657664471,0.0910290237467019
"GALGAL-R05264",323510.099295825,0.0794854881266491
"GALGAL-R13646",320511.630862072,0.634564643799472
"GALGAL-R09690",310496.171156602,0.514182058047493
"GALGAL-R00210",304682.062105672,0.181068601583113
"GALGAL-R00904",304207.63598903,0.257585751978892
"GALGAL-R00610",301884.631446215,0.362137203166227
"GALGAL-R08795",299847.009849004,0.365765171503958
"GALGAL-R04439",299767.090560357,0.378298153034301
"GALGAL-R08132",296471.913287164,0.651055408970976
"GALGAL-R12452",291498.622380346,0.095976253298153
"GALGAL-R07258",290438.583627856,0.0590369393139842
"GALGAL-R02598",289638.147789419,0.191292875989446
"GALGAL-R02003",288980.549884167,0.0705804749340369
"GALGAL-R08487",287828.549530617,0.616754617414248
"GALGAL-R11167",285261.591634572,0.199868073878628
"GALGAL-R12494",282479.441061327,0.322229551451187
"GALGAL-R02722",282116.281718681,0.487467018469657
"GALGAL-R01465",280351.420545218,0.590039577836412
"GALGAL-R14172",279537.571318249,0.371372031662269
"GALGAL-R08418",278944.761336331,0.305738786279683
"GALGAL-R02264",275237.089563905,0.183377308707124
"GALGAL-R10761",273806.90822738,0.561015831134565
"GALGAL-R12577",273786.251235396,0.464709762532982
"GALGAL-R14036",270972.196689115,0.2094327176781
"GALGAL-R11985",267237.873580781,0.103562005277045
"GALGAL-R00121",266457.88101001,0.634234828496042
"GALGAL-R08724",266177.155277351,0.195250659630607
"GALGAL-R14239",264923.835601589,0.0220976253298153
"GALGAL-R14209",263446.668425436,0.348944591029024
"GALGAL-R14771",263145.964568803,0.489775725593668
"GALGAL-R06170",257606.482237655,0.677440633245383
"GALGAL-R11467",256629.191240048,0.476253298153034
"GALGAL-R12880",256315.531469933,0.568931398416887
"GALGAL-R02538",251998.955701616,0.220976253298153
"GALGAL-R16224",248955.8479703,0.269788918205805
"GALGAL-R02605",246324.787899637,0.284960422163588
"GALGAL-R01817",245868.112598782,0.151385224274406
"GALGAL-R12410",244301.258010318,0.233839050131926
"GALGAL-R00815",243642.659717563,0.79023746701847
"GALGAL-R14741",240685.815547653,0.0095646437994723
"GALGAL-R04302",239752.401868029,0.33245382585752
"GALGAL-R13856",239697.648911671,0.688324538258575
"GALGAL-R03719",239008.100819992,0.151715039577836
"GALGAL-R00724",233058.04577608,0.0778364116094987
"GALGAL-R11945",232803.287695526,0.0699208443271768
"GALGAL-R03217",230310.881508409,0.0385883905013193
"GALGAL-R02391",226376.777143076,0.448218997361478
"GALGAL-R10157",225279.662830399,0.368403693931398
"GALGAL-R15989",224690.595435769,0.380936675461741
"GALGAL-R10456",224572.561116126,0.331134564643799
"GALGAL-R03601",222902.518030383,0.103232189973615
"GALGAL-R11376",222873.873657503,0.308707124010554
"GALGAL-R09017",222789.220963022,0.0135224274406332
"GALGAL-R04094",222691.084887245,0.173482849604222
"GALGAL-R08285",220734.355613203,0.04155672823219
"GALGAL-R14846",220052.59139897,0.365765171503958
"GALGAL-R08448",219688.702979711,0.00263852242744063
"GALGAL-R08543",219334.346449715,0.348944591029024
"GALGAL-R14627",210658.936872435,0.0610158311345646
"GALGAL-R03614",208299.100555129,0.0300131926121372
"GALGAL-R02798",205266.823059305,0.517480211081794
"GALGAL-R16089",202065.932871941,0.0610158311345646
"GALGAL-R05163",201350.71229289,0.237796833773087
"GALGAL-R05525",201291.609183349,0.132585751978892
"GALGAL-R09946",198787.844270259,0.0827836411609499
"GALGAL-R03566",197403.686456465,0.494393139841689
"GALGAL-R00219",197306.18940697,0.529023746701847
"GALGAL-R01466",192730.21794193,0.282321899736148
"GALGAL-R12313",190384.263850167,0.155672823218997
"GALGAL-R16093",186085.506428187,0.192941952506596
"GALGAL-R09626",185525.350814248,0.545514511873351
"GALGAL-R09519",184623.588989203,0.359498680738786
"GALGAL-R11355",182948.253008122,0.114775725593668
"GALGAL-R07275",182264.76015623,0.247031662269129
"GALGAL-R17868",181732.552511096,0.465369393139842
"GALGAL-R04783",179642.350218647,0.545844327176781
"GALGAL-R03108",179356.892961089,0.0148416886543536
"GALGAL-R04099",178738.201187845,0.178430079155673
"GALGAL-R06421",178146.254090441,0.0633245382585752
"GALGAL-R06571",177332.304090695,0.286939313984169
"GALGAL-R03636",173499.889385506,0.197229551451187
"GALGAL-R16302",172408.934644074,0.180738786279683
"GALGAL-R16409",171334.514893671,0.0220976253298153
"GALGAL-R03706",170131.089376421,0.338390501319261
"GALGAL-R15173",169692.210407704,0.62434036939314
"GALGAL-R13500",168566.444581193,0.537928759894459
"GALGAL-R12618",167991.859032637,0.466358839050132
"GALGAL-R08516",165601.56646262,0.0412269129287599
"GALGAL-R00345",165097.495874851,0.449208443271768
"GALGAL-R15983",163883.285382775,0.0751978891820581
"GALGAL-R14276",163713.779210287,0.129287598944591
"GALGAL-R01164",162697.904819901,0.258245382585752
"GALGAL-R13084",162376.686600041,0.435356200527704
"GALGAL-R07334",162079.080495478,0.0062664907651715
"GALGAL-R11121",161951.832809479,0.0854221635883905
"GALGAL-R09101",161784.046006112,0.016820580474934
"GALGAL-R05986",161461.003411715,0.029353562005277
"GALGAL-R00465",160315.251587295,0.272097625329815
"GALGAL-R01612",160042.335443618,0.0943271767810026
"GALGAL-R03517",160030.620828009,0.0679419525065963
"GALGAL-R02953",160027.387078203,0.0613456464379947
"GALGAL-R04000",160011.985273669,0.254617414248021
"GALGAL-R14855",159600.64195618,0.491094986807388
"GALGAL-R08922",159054.711391725,0.323878627968338
"GALGAL-R14652",158644.003469458,0.278364116094987
"GALGAL-R01507",157541.738795793,0.155013192612137
"GALGAL-R12721",157224.932862183,0.313984168865435
"GALGAL-R01746",156591.929935519,0.686345646437995
"GALGAL-R06659",155797.702385955,0.107849604221636
"GALGAL-R09084",152244.405534172,0.419854881266491
"GALGAL-R01620",149867.680030083,0.104551451187335
"GALGAL-R14116",149828.498781207,0.0953166226912929
"GALGAL-R10752",149389.284400976,0.574868073878628
"GALGAL-R04117",149383.584094499,0.105211081794195
"GALGAL-R00249",149309.157351365,0.20778364116095
"GALGAL-R10026",148205.397841494,0.175791556728232
"GALGAL-R08873",147838.98320808,0.1655672823219
"GALGAL-R01547",146709.639579481,0.0596965699208443
"GALGAL-R02016",145933.978909436,0.733179419525066
"GALGAL-R05935",144034.787655021,0.0310026385224274
"GALGAL-R03019",143647.470605882,0.562005277044855
"GALGAL-R00349",142776.954874348,0.483179419525066
"GALGAL-R05490",142067.841104634,0.112137203166227
"GALGAL-R03715",142067.431756981,0.152044854881266
"GALGAL-R15406",141350.171577785,0.663918205804749
"GALGAL-R02877",140796.412142921,0.00329815303430079
"GALGAL-R00993",140613.280239166,0.312664907651715
"GALGAL-R15686",140193.066001784,0.506266490765171
"GALGAL-R01513",139458.449021318,0.186675461741425
"GALGAL-R15599",139248.505065841,0.547163588390501
"GALGAL-R12327",137639.530555492,0.557717678100264
"GALGAL-R05629",137625.708837916,0.195580474934037
"GALGAL-R04273",135683.005689187,0.105211081794195
"GALGAL-R00259",135545.665936173,0.156662269129288
"GALGAL-R12257",133378.195641436,0.270448548812665
"GALGAL-R12407",132753.774502455,0.378957783641161
"GALGAL-R03339",132318.647207206,0.106530343007916
"GALGAL-R04278",131968.384813529,0.302110817941952
"GALGAL-R01959",131216.453644067,0.148746701846966
"GALGAL-R02068",130528.468277592,0.095976253298153
"GALGAL-R08989",130462.455324279,0.121701846965699
"GALGAL-R01508",128117.148646958,0.660290237467018
"GALGAL-R04243",127470.207720247,0.00560686015831135
"GALGAL-R04075",126242.215080133,0.50098944591029
"GALGAL-R09583",126219.619442407,0.0257255936675462
"GALGAL-R07816",125804.250180844,0.602572559366755
"GALGAL-R11338",123311.610238305,0.494393139841689
"GALGAL-R16739",122859.975095698,0.318601583113456
"GALGAL-R00297",122470.103124606,0.0841029023746702
"GALGAL-R01007",122438.637183505,0.160290237467018
"GALGAL-R02151",121060.035047216,0.147427440633245
"GALGAL-R10604",120967.145438605,0.245382585751979
"GALGAL-R04992",120825.439652538,0.0778364116094987
"GALGAL-R12741",120084.383902474,0.179419525065963
"GALGAL-R14750",118852.892545579,0.0402374670184697
"GALGAL-R06290",118820.449769427,0.608839050131926
"GALGAL-R14854",118141.493129305,0.204155672823219
"GALGAL-R13073",117333.673004739,0.0672823218997362
"GALGAL-R15092",116770.372056888,0.356530343007916
"GALGAL-R09207",116587.253742513,0.528364116094987
"GALGAL-R09385",116426.467186541,0.268799472295514
"GALGAL-R15855",115133.863156109,0.16589709762533
"GALGAL-R01268",114678.200626874,0.0804749340369393
"GALGAL-R10247",114589.173524343,0.181068601583113
"GALGAL-R10513",114431.911734656,0.37368073878628
"GALGAL-R06167",113967.408300053,0.311015831134565
"GALGAL-R14147",113536.024516153,0.345646437994723
"GALGAL-R10758",113343.9809145,0.0603562005277045
"GALGAL-R08078",113283.098697292,0.301781002638522
"GALGAL-R14284",111178.978279401,0.430079155672823
"GALGAL-R08478",110948.432839712,0.359828496042216
"GALGAL-R00325",110418.670196316,0.513522427440633
"GALGAL-R06719",110338.939283746,0.473944591029024
"GALGAL-R15101",110204.518904142,0.186345646437995
"GALGAL-R11043",110099.095685008,0.112137203166227
"GALGAL-R00426",110096.038711966,0.363786279683377
"GALGAL-R10780",109760.402377308,0.572229551451187
"GALGAL-R01022",109455.960837575,0.587071240105541
"GALGAL-R14474",108834.950139555,0.28957783641161
"GALGAL-R16766",107625.770684518,0.353562005277045
"GALGAL-R15759",106776.444420819,0.254617414248021
"GALGAL-R03259",105670.843322852,0.0996042216358839
"GALGAL-R13455",105669.704807617,0.0636543535620053
"GALGAL-R11145",105578.008617105,0.244722955145119
"GALGAL-R11755",105396.97790756,0.717348284960422
"GALGAL-R04528",105381.449463729,0.367744063324538
"GALGAL-R02599",104127.791207683,0.0234168865435356
"GALGAL-R04568",102892.766721472,0.294854881266491
"GALGAL-R04141",101001.865503366,0.0300131926121372
"GALGAL-R16015",100139.031251638,0.0181398416886544
"GALGAL-R07683",100023.124803846,0.0507915567282322
"GALGAL-R11071",99972.277802948,0.694261213720317
"GALGAL-R15811",99819.0622348931,0.033311345646438
"GALGAL-R08834",99683.59329705,0.304419525065963
"GALGAL-R05624",99560.0810525662,0.144129287598945
"GALGAL-R16293",98699.6206719528,0.138852242744063
"GALGAL-R04598",98636.477716808,0.106860158311346
"GALGAL-R04078",98635.0089777095,0.0352902374670185
"GALGAL-R05734",98226.9201887294,0.294195250659631
"GALGAL-R06201",97524.3283181744,0.0969656992084433
"GALGAL-R10547",96870.3500036924,0.675791556728232
"GALGAL-R00132",96130.0827910947,0.0481530343007916
"GALGAL-R09623",95976.214916366,0.403693931398417
"GALGAL-R02056",94677.4343593614,0.0841029023746702
"GALGAL-R06282",94264.142028257,0.178100263852243
"GALGAL-R10438",93714.1579329419,0.0379287598944591
"GALGAL-R16146",92463.7688501207,0.00362796833773087
"GALGAL-R01034",92075.6482600996,0.0897097625329815
"GALGAL-R06155",91535.0015815712,0.321899736147757
"GALGAL-R10683",91295.7613899302,0.0277044854881266
"GALGAL-R00383",90903.737967148,0.507585751978892
"GALGAL-R01151",90863.037189023,0.281662269129288
"GALGAL-R03548",90110.4103191121,0.0824538258575198
"GALGAL-R11914",90002.4011392612,0.547163588390501
"GALGAL-R12672",89587.8589576047,0.129617414248021
"GALGAL-R15910",89465.7206437284,0.242744063324538
"GALGAL-R06306",89405.9032552427,0.12368073878628
"GALGAL-R03928",86691.5537471688,0.150065963060686
"GALGAL-R15763",86611.9612327411,0.0187994722955145
"GALGAL-R06145",86502.9768601615,0.468337730870712
"GALGAL-R03211",86069.2431512331,0.0870712401055409
"GALGAL-R05013",85956.1266270253,0.0758575197889182
"GALGAL-R05092",84715.6290981929,0.16787598944591
"GALGAL-R05792",84231.4892773509,0.243073878627968
"GALGAL-R15680",84136.9530011015,0.299802110817942
"GALGAL-R00580",84034.9761034717,0.146108179419525
"GALGAL-R09981",83178.2071547177,0.317941952506596
"GALGAL-R14020",83177.8637125114,0.107189973614776
"GALGAL-R12927",82482.4350542039,0.228891820580475
"GALGAL-R13275",81706.3299272795,0.184696569920844
"GALGAL-R03746",80567.7479675013,0.109828496042216
"GALGAL-R16564",80199.3359238753,0.282981530343008
"GALGAL-R03917",78684.4730479154,0.0306728232189974
"GALGAL-R00840",77678.1925486894,0.314313984168865
"GALGAL-R07598",77620.9976078768,0.441952506596306
"GALGAL-R00607",77024.892542238,0.128298153034301
"GALGAL-R14626",76889.764662884,0.351912928759894
"GALGAL-R00405",76502.275616543,0.218997361477573
"GALGAL-R00302",75300.9214258999,0.433707124010554
"GALGAL-R08508",75025.4743099951,0.116424802110818
"GALGAL-R02175",74850.239111302,0.192612137203166
"GALGAL-R11337",74772.3978648036,0.184036939313984
"GALGAL-R03716",74369.3050242931,0.180079155672823
"GALGAL-R00152",73085.7640514561,0.403364116094987
"GALGAL-R14561",72911.6356144184,0.402704485488127
"GALGAL-R08301",72389.3049711138,0.150395778364116
"GALGAL-R15999",72385.9440628943,0.354551451187335
"GALGAL-R08077",72087.0342783063,0.259234828496042
"GALGAL-R01163",72009.3440961437,0.0880606860158311
"GALGAL-R10084",71953.5177768891,0.121372031662269
"GALGAL-R16330",71540.2408166827,0.186675461741425
"GALGAL-R14706",71423.1809289828,0.029353562005277
"GALGAL-R11176",71198.76955588,0.0679419525065963
"GALGAL-R06497",70864.0616854203,0.324538258575198
"GALGAL-R03983",70658.4585794531,0.16490765171504
"GALGAL-R09549",70208.617118451,0.233839050131926
"GALGAL-R16528",69890.9417600279,0.0722295514511873
"GALGAL-R01979",69509.3926035963,0.24868073878628
"GALGAL-R15752",69302.5326387243,0.0253957783641161
"GALGAL-R05808",68499.279101135,0.108509234828496
"GALGAL-R12406",68488.4654207225,0.191292875989446
"GALGAL-R12393",68254.0069724051,0.0435356200527705
"GALGAL-R12513",68151.4567610891,0.0214379947229551
"GALGAL-R07382",67496.9215683501,0.309036939313984
"GALGAL-R08446",67426.50421306,0.224934036939314
"GALGAL-R06819",66899.6728482421,0.0412269129287599
"GALGAL-R05466",66197.9922023122,0.0372691292875989
"GALGAL-R12463",65144.1939100149,0.474604221635884
"GALGAL-R09960",64493.4935526648,0.0418865435356201
"GALGAL-R04651",64310.3181645998,0.180408970976253
"GALGAL-R12738",63250.4809716004,0.260554089709763
"GALGAL-R15260",63060.6067509542,0.560686015831135
"GALGAL-R09991",63049.3117273997,0.547163588390501
"GALGAL-R06230",62697.3146962599,0.0893799472295514
"GALGAL-R10427",61690.3839160509,0.139182058047493
"GALGAL-R15157",61609.9752939717,0.314313984168865
"GALGAL-R02062",61300.4379816452,0.12697889182058
"GALGAL-R16307",61292.3579030131,0.0181398416886544
"GALGAL-R05023",60548.3507332785,0.211741424802111
"GALGAL-R07417",60276.8711475644,0.267810026385224
"GALGAL-R07365",59176.7725731549,0.389182058047493
"GALGAL-R01926",59128.7552962739,0.115765171503958
"GALGAL-R08445",59056.6656888796,0.277374670184697
"GALGAL-R02859",57393.0006870561,0.478562005277045
"GALGAL-R04167",57179.8460955053,0.45679419525066
"GALGAL-R15185",56294.6718939252,0.181728232189974
"GALGAL-R00598",55822.3865521141,0.0804749340369393
"GALGAL-R11193",55692.9776594311,0.104881266490765
"GALGAL-R06013",54633.9922992114,0.357189973614776
"GALGAL-R00612",54527.1463335007,0.0471635883905013
"GALGAL-R14831",54495.0507953834,0.0230870712401055
"GALGAL-R08411",54041.8694930084,0.08311345646438
"GALGAL-R14243",53304.0789546367,0.468007915567282
"GALGAL-R07799",53165.6841021482,0.170514511873351
"GALGAL-R05259",53110.4231448623,0.593337730870712
"GALGAL-R08928",53072.2878960329,0.597625329815303
"GALGAL-R12877",52918.3087924498,0.0211081794195251
"GALGAL-R08125",52729.2126143331,0.159630606860158
"GALGAL-R04368",52690.7301445699,0.463390501319261
"GALGAL-R12021",52222.1999693742,0.0445250659630607
"GALGAL-R13502",52167.2327113289,0.21009234828496
"GALGAL-R09453",51738.2806675702,0.0300131926121372
"GALGAL-R16151",51684.0286736774,0.236807387862797
"GALGAL-R16422",51384.1309930264,0.0682717678100264
"GALGAL-R10514",50638.7171279616,0.33509234828496
"GALGAL-R13072",50593.1479741286,0.327506596306069
"GALGAL-R10744",48653.4733150522,0.242414248021108
"GALGAL-R03555",48526.2273601929,0.0613456464379947
"GALGAL-R04178",48331.3316956591,0.212401055408971
"GALGAL-R03941",48101.7175299057,0.157981530343008
"GALGAL-R13180",47589.4536036491,0.236477572559367
"GALGAL-R03745",46713.5724988802,0.08311345646438
"GALGAL-R04643",46663.1155968553,0.054089709762533
"GALGAL-R09558",45638.8388556997,0.226253298153034
"GALGAL-R12082",45144.8479353852,0.130606860158311
"GALGAL-R08150",44883.1987993911,0.580145118733509
"GALGAL-R16020",44119.9361069519,0.255936675461741
"GALGAL-R16054",44117.3784924453,0.00296833773087071
"GALGAL-R00447",43800.2402134073,0.0804749340369393
"GALGAL-R00446",43684.9001332256,0.510224274406332
"GALGAL-R14238",43597.3592737351,0.325527704485488
"GALGAL-R08825",42895.5355863854,0.33476253298153
"GALGAL-R11170",42725.3848389583,0.29155672823219
"GALGAL-R11282",41707.3690939667,0.313324538258575
"GALGAL-R16832",41446.6007780737,0.238456464379947
"GALGAL-R08371",41303.0186034222,0.0474934036939314
"GALGAL-R03685",41301.4512655743,0.379617414248021
"GALGAL-R05271",41281.9356130851,0.0257255936675462
"GALGAL-R12294",41244.3943705803,0.0646437994722955
"GALGAL-R09550",41241.0991854007,0.100923482849604
"GALGAL-R01670",41153.7686431227,0.0728891820580475
"GALGAL-R03952",40890.6350635843,0.219656992084433
"GALGAL-R05000",40721.9430206313,0.121372031662269
"GALGAL-R03502",40636.2431054241,0.159960422163588
"GALGAL-R08458",40532.2549956987,0.0580474934036939
"GALGAL-R06479",40097.0056989246,0.532321899736148
"GALGAL-R11356",39850.7742891988,0.504617414248021
"GALGAL-R05563",39660.8176278737,0.0220976253298153
"GALGAL-R14777",39320.3281815328,0.358509234828496
"GALGAL-R15930",38883.9313909018,0.225263852242744
"GALGAL-R05325",38691.0555505529,0.658311345646438
"GALGAL-R04508",38345.6858473765,0.490435356200528
"GALGAL-R09994",38239.6033116513,0.488126649076517
"GALGAL-R04398",38141.536641988,0.538588390501319
"GALGAL-R02531",38089.1902920521,0.115105540897098
"GALGAL-R10136",38032.9296873878,0.357519788918206
"GALGAL-R12092",37854.8229218392,0.049802110817942
"GALGAL-R01815",37371.939636832,0.0798153034300792
"GALGAL-R02322",37215.1448966607,0.352242744063325
"GALGAL-R05719",36536.4209047844,0.142150395778364
"GALGAL-R06542",36485.4035307199,0.0145118733509235
"GALGAL-R08146",36450.8422460091,0.0653034300791557
"GALGAL-R13919",36318.7472274014,0.0639841688654354
"GALGAL-R00832",36309.4456293801,0.559366754617414
"GALGAL-R16394",36006.687897881,0.00989445910290238
"GALGAL-R12680",35735.8691643875,0.161939313984169
"GALGAL-R02339",35500.6283285433,0.220976253298153
"GALGAL-R09671",35463.5807532645,0.304749340369393
"GALGAL-R05958",35251.7003132799,0.193271767810026
"GALGAL-R15982",35224.592212248,0.148746701846966
"GALGAL-R08986",35178.712246575,0.0689313984168865
"GALGAL-R06404",35175.1925262573,0.241094986807388
"GALGAL-R14078",34982.8778513414,0.202506596306069
"GALGAL-R09966",34956.2394265646,0.0240765171503958
"GALGAL-R00236",34951.5586349254,0.240765171503958
"GALGAL-R00753",34881.8416282408,0.232189973614776
"GALGAL-R00184",34704.0343878093,0.0491424802110818
"GALGAL-R10462",34673.8237420078,0.565303430079156
"GALGAL-R15074",34615.730698894,0.576846965699208
"GALGAL-R09615",34561.9065871337,0.188984168865435
"GALGAL-R00820",34551.1104654178,0.066622691292876
"GALGAL-R06522",34481.464595373,0.0613456464379947
"GALGAL-R10130",34267.6697036327,0.252968337730871
"GALGAL-R11714",34178.3147512654,0.716029023746702
"GALGAL-R12704",33710.3378565737,0.104881266490765
"GALGAL-R14305",33358.3228986863,0.119722955145119
"GALGAL-R13188",33296.6631629433,0.641160949868074
"GALGAL-R16426",32882.9092310491,0.451517150395778
"GALGAL-R14571",32371.0372479813,0.268469656992084
"GALGAL-R11226",32298.3110254955,0.119393139841689
"GALGAL-R17470",32284.735384802,0.00659630606860158
"GALGAL-R01244",32253.8274866401,0.442941952506596
"GALGAL-R05639",32066.2029650968,0.234168865435356
